parameter,mean,std,median,5.0%,95.0%,n_eff,r_hat,player_id,player_name
beta_mu[0],2.650407552719116,0.4732280373573303,2.649679183959961,2.1761314868927,3.125500202178955,1.0010054324927182,852.3111572265625,,
beta_mu[1],1.3986256122589111,0.3304392099380493,1.3984193801879883,1.067577600479126,1.7312065362930298,1.0010079510749328,460.08258056640625,,
beta_mu[2],0.19290848076343536,0.3615727722644806,0.19257639348506927,-0.17029935121536255,0.5559342503547668,1.001007534414279,424.8193359375,,
beta_mu[3],-0.5882048606872559,0.10119810700416565,-0.5872715711593628,-0.6908494830131531,-0.4857941269874573,1.0010591285357207,122.17621612548828,,
beta_sigma[0],0.2001166194677353,0.11524202674627304,0.19970926642417908,0.08436768501996994,0.31775912642478943,1.0010661363454116,127.52625274658203,,
beta_sigma[1],0.058379922062158585,0.045416541397571564,0.05956488847732544,0.010785293765366077,0.1043168231844902,1.0014591496979424,74.47140502929688,,
beta_sigma[2],0.015221984125673771,0.02228347584605217,0.013906823471188545,-0.008162467740476131,0.04067382588982582,1.0049397444491772,20.27764892578125,,
beta_sigma[3],-0.02872254140675068,0.09758525341749191,-0.028875485062599182,-0.12702706456184387,0.06987085938453674,1.0010377710141507,147.22938537597656,,
log_sigma_pos,1.876330852508545,0.0153249092400074,1.8754026889801025,1.8604092597961426,1.8931565284729004,1.0029824291627933,24.54648780822754,,
mu_pos,9.131808280944824,0.3106943666934967,9.131267547607422,8.820249557495117,9.44316577911377,1.0010068506185024,613.1051635742188,,
nu_offset,6812.1767578125,3768.17626953125,6811.2705078125,3045.880859375,10579.4765625,1.0010010635707032,3661.591796875,,
tau_mu,0.05342512205243111,0.05258936434984207,0.0533493310213089,0.0008608223288320005,0.1060573160648346,1.0010016316858372,1143.6600341796875,,
tau_sigma,0.018929414451122284,0.016729475930333138,0.018903011456131935,0.002204406075179577,0.035669565200805664,1.001001517424434,1289.3682861328125,,
z_mu[0],0.10879679769277573,0.005792906973510981,0.10963908582925797,0.1017911359667778,0.11560815572738647,1.0181748448946464,7.241944789886475,00-0022921,Larry Fitzgerald
z_mu[1],-0.015206927433609962,0.349247545003891,-0.014911770820617676,-0.3659738600254059,0.33497557044029236,1.0010058611200567,552.51513671875,00-0025396,Ted Ginn
z_mu[2],-0.014794624410569668,0.8895688652992249,-0.014751553535461426,-0.9049388766288757,0.875490128993988,1.0010017648377554,1596.0322265625,00-0026035,Danny Amendola
z_mu[3],0.7646952271461487,0.21813437342643738,0.7636436223983765,0.545781672000885,0.9836817383766174,1.0010090199515733,351.45318603515625,00-0026189,DeSean Jackson
z_mu[4],-0.3947991728782654,0.12103993445634842,-0.39412081241607666,-0.5177677869796753,-0.27307969331741333,1.0010439909094764,154.86204528808594,00-0027150,Julian Edelman
z_mu[5],-0.2100381702184677,0.6928924322128296,-0.2115825116634369,-0.9036338329315186,0.4845147430896759,1.0010033293917675,672.3624877929688,00-0027685,Emmanuel Sanders
z_mu[6],-0.10197532176971436,0.7743496894836426,-0.10181021690368652,-0.8767783641815186,0.6731252670288086,1.0010015000367554,1312.1641845703125,00-0027691,Andre Roberts
z_mu[7],0.0143104437738657,0.5321068167686462,0.014277815818786621,-0.5178390741348267,0.5473531484603882,1.0010022906860223,886.4537963867188,00-0027793,Antonio Brown
z_mu[8],0.10437457263469696,0.32120513916015625,0.10528610646724701,-0.21933560073375702,0.42637497186660767,1.001015673811943,449.6920166015625,00-0027891,Golden Tate
z_mu[9],0.35547587275505066,1.41409170627594,0.35559022426605225,-1.0588411092758179,1.7699371576309204,1.001001222003709,2394.208984375,00-0027902,Dez Bryant
z_mu[10],-0.9200215339660645,0.2531796097755432,-0.9196654558181763,-1.1741284132003784,-0.6660710573196411,1.0010113463944499,283.3151550292969,00-0027942,A.J. Green
z_mu[11],1.0029380321502686,0.13295729458332062,1.0029724836349487,0.8691039681434631,1.1370630264282227,1.0010207475765982,217.05825805664062,00-0027944,Julio Jones
z_mu[12],-0.2897462844848633,0.18366706371307373,-0.2905036509037018,-0.47373029589653015,-0.10506094992160797,1.0010120526513218,280.7041931152344,00-0028002,Randall Cobb
z_mu[13],0.5933431386947632,0.2830394208431244,0.5924558639526367,0.30921170115470886,0.8782137632369995,1.0010152210703465,508.5101623535156,00-0028237,Chris Hogan
z_mu[14],-0.3916512131690979,0.3127647340297699,-0.3911588490009308,-0.7056768536567688,-0.07810179144144058,1.0010087086864647,329.9904479980469,00-0028411,Dontrelle Inman
z_mu[15],-0.3574296832084656,0.8783069252967834,-0.3575812876224518,-1.2370474338531494,0.5214684009552002,1.0010019132237835,1026.02685546875,00-0029000,Cole Beasley
z_mu[16],-0.7998989820480347,0.16193947196006775,-0.7993279695510864,-0.9637644290924072,-0.6370370984077454,1.001035424120086,180.72698974609375,00-0029137,Alshon Jeffery
z_mu[17],0.35362565517425537,0.9824968576431274,0.35426294803619385,-0.6297401189804077,1.3362947702407837,1.0010015105621612,2038.0748291015625,00-0029269,Travis Benjamin
z_mu[18],0.8511735200881958,0.2639549672603607,0.8520033955574036,0.5866249203681946,1.1157606840133667,1.0010049792122704,496.4187927246094,00-0029293,Marvin Jones
z_mu[19],-0.06345425546169281,0.57533198595047,-0.06346100568771362,-0.6393795609474182,0.5123732089996338,1.0010017954731805,1164.1263427734375,00-0029608,T.Y. Hilton
z_mu[20],-0.22244322299957275,0.28899016976356506,-0.22430944442749023,-0.5119150280952454,0.06804672628641129,1.0010133653512348,311.1174621582031,00-0029632,Mohamed Sanu
z_mu[21],-1.000417709350586,0.9636509418487549,-1.0005617141723633,-1.964675784111023,-0.035246752202510834,1.0010019605565545,1627.2735595703125,00-0029664,Josh Gordon
z_mu[22],0.6117364168167114,1.3856579065322876,0.6120404601097107,-0.7749528288841248,1.9978383779525757,1.0010014112534025,1451.4390869140625,00-0030035,Adam Thielen
z_mu[23],-0.3128978908061981,0.6983234882354736,-0.31275343894958496,-1.0114959478378296,0.3855975568294525,1.0010012997489521,1666.449462890625,00-0030068,Marquise Goodwin
z_mu[24],-0.02691015601158142,0.22509454190731049,-0.026620954275131226,-0.25420311093330383,0.19873565435409546,1.0010160218640163,429.90924072265625,00-0030085,Kenny Stills
z_mu[25],0.6398786902427673,0.278601735830307,0.6410605907440186,0.35995692014694214,0.9187551736831665,1.0010062217535118,406.69329833984375,00-0030279,Keenan Allen
z_mu[26],-0.9408674240112305,0.30851805210113525,-0.9412624835968018,-1.2503643035888672,-0.6297695636749268,1.0010157459777316,386.01019287109375,00-0030431,Robert Woods
z_mu[27],-0.6351187825202942,0.7041369080543518,-0.6342873573303223,-1.3401463031768799,0.07064996659755707,1.001002624136266,867.8277587890625,00-0030525,Tavon Austin
z_mu[28],-0.050958916544914246,0.19267410039901733,-0.05073459446430206,-0.24458539485931396,0.14225982129573822,1.0010096131534738,319.9028015136719,00-0030564,DeAndre Hopkins
z_mu[29],0.4578644931316376,0.6255877017974854,0.45784929394721985,-0.16971302032470703,1.0845497846603394,1.0010044634376252,681.9185180664062,00-0030663,Willie Snead
z_mu[30],1.3897650241851807,0.9598004817962646,1.3898437023162842,0.4280116856098175,2.3498005867004395,1.0010020470854841,1098.604248046875,00-0030669,Albert Wilson
z_mu[31],0.4051077365875244,0.363709956407547,0.4047497808933258,0.04031867906451225,0.7704215049743652,1.0010070148628418,536.6744384765625,00-0030670,Bennie Fowler
z_mu[32],0.3551129996776581,0.014113209210336208,0.3554137051105499,0.3393023908138275,0.3701225221157074,1.0038963527579328,17.899593353271484,00-0031051,John Brown
z_mu[33],0.01974569819867611,0.9419534206390381,0.02043476700782776,-0.9229845404624939,0.9618113040924072,1.0010014301374457,1500.316162109375,00-0031166,Seth Roberts
z_mu[34],-0.391355037689209,0.591821551322937,-0.39152780175209045,-0.9842867255210876,0.20215775072574615,1.0010035509862205,821.184814453125,00-0031235,Odell Beckham
z_mu[35],-0.6335740685462952,0.812541127204895,-0.6329795122146606,-1.4465988874435425,0.17988668382167816,1.001001743829048,1121.190673828125,00-0031236,Brandin Cooks
z_mu[36],-0.3795440196990967,0.2944093942642212,-0.3801780641078949,-0.6753467321395874,-0.08340315520763397,1.0010191531947865,292.3565368652344,00-0031319,Diontae Spencer
z_mu[37],0.08495091646909714,0.9585562944412231,0.0857289731502533,-0.8748597502708435,1.0439585447311401,1.0010016545255036,1338.7191162109375,00-0031325,Sammy Watkins
z_mu[38],-0.06277693808078766,0.2012101411819458,-0.060913778841495514,-0.2661650478839874,0.13886578381061554,1.0010348180907969,225.810546875,00-0031339,Donte Moncrief
z_mu[39],-0.36773499846458435,1.0149595737457275,-0.36794424057006836,-1.38356351852417,0.6479981541633606,1.0010014454323621,1456.7801513671875,00-0031381,Davante Adams
z_mu[40],1.1966824531555176,0.9724780321121216,1.1961321830749512,0.22144551575183868,2.171924352645874,1.0010045723629204,879.9563598632812,00-0031382,Jarvis Landry
z_mu[41],-0.09535205364227295,0.7968574166297913,-0.09539413452148438,-0.8927667737007141,0.7018839120864868,1.001001551907229,1302.0179443359375,00-0031408,Mike Evans
z_mu[42],0.3094983994960785,0.25755056738853455,0.3092467486858368,0.050668418407440186,0.5680508613586426,1.001009765448178,310.79400634765625,00-0031428,Allen Robinson
z_mu[43],0.20124635100364685,1.949318528175354,0.20130449533462524,-1.7479366064071655,2.15234637260437,1.0010012522104093,2028.75244140625,00-0031544,Amari Cooper
z_mu[44],-0.4756537079811096,0.20105195045471191,-0.47634053230285645,-0.6778092384338379,-0.27351176738739014,1.0010162876099695,247.48130798339844,00-0031545,Kevin White
z_mu[45],-1.0063079595565796,0.3335329592227936,-1.0065656900405884,-1.3415275812149048,-0.6709957122802734,1.001013478472238,513.52490234375,00-0031547,DeVante Parker
z_mu[46],-0.3987480700016022,0.5184785723686218,-0.3982047438621521,-0.9184817671775818,0.12027397006750107,1.0010033020149516,786.9786376953125,00-0031549,Nelson Agholor
z_mu[47],-0.6332530379295349,0.5441969037055969,-0.6334717273712158,-1.1782422065734863,-0.08830437809228897,1.0010023983975607,792.4611206054688,00-0031588,Stefon Diggs
z_mu[48],1.2737433910369873,0.2569803297519684,1.2742221355438232,1.0151208639144897,1.5315556526184082,1.0010164218108044,307.35150146484375,00-0031763,DeAndre Carter
z_mu[49],0.9266079664230347,0.05955282971262932,0.9260717034339905,0.8650507926940918,0.9873455166816711,1.0012462154429707,60.11754608154297,00-0031787,Jake Kumerow
z_mu[50],1.2694272994995117,0.25772160291671753,1.268906831741333,1.0109193325042725,1.5283315181732178,1.0010104598901575,358.3223571777344,00-0031868,Damiere Byrd
z_mu[51],-0.8547859787940979,0.09027110040187836,-0.8550704121589661,-0.9468352794647217,-0.7624779343605042,1.0011920908580358,126.3295669555664,00-0031934,Devin Smith
z_mu[52],-0.20065319538116455,0.18274153769016266,-0.19999291002750397,-0.3858056664466858,-0.016424357891082764,1.0010572609527393,134.19805908203125,00-0031941,Jamison Crowder
z_mu[53],0.7855780124664307,0.3205152153968811,0.7853965163230896,0.46408024430274963,1.1065618991851807,1.0010033660819353,633.1941528320312,00-0032009,Adam Humphries
z_mu[54],-1.438454508781433,0.42512184381484985,-1.4382448196411133,-1.8647606372833252,-1.0126245021820068,1.0010041751244703,853.235595703125,00-0032054,Breshad Perriman
z_mu[55],-0.9618625044822693,0.767855167388916,-0.962188720703125,-1.7301061153411865,-0.1927938312292099,1.0010017814705146,1302.576904296875,00-0032128,Chris Conley
z_mu[56],-0.019126230850815773,0.37092772126197815,-0.019450977444648743,-0.39054685831069946,0.353068083524704,1.0010039446990042,577.7374877929688,00-0032160,Tyrell Williams
z_mu[57],-0.03684181347489357,0.5561973452568054,-0.035891711711883545,-0.5945360660552979,0.520108699798584,1.001003710734763,799.9820556640625,00-0032200,Ty Montgomery
z_mu[58],0.05897587537765503,1.1048120260238647,0.05843394994735718,-1.0463436841964722,1.1666489839553833,1.0010023376832755,1259.3438720703125,00-0032208,Phillip Dorsett
z_mu[59],0.49863100051879883,0.3392396569252014,0.49819889664649963,0.1588018238544464,0.8385552763938904,1.001003142940638,612.3847045898438,00-0032211,Tyler Lockett
z_mu[60],-0.6476330161094666,0.5488707423210144,-0.6475757360458374,-1.1982284784317017,-0.09590926021337509,1.0010074826992,496.087158203125,00-0032355,Chester Rogers
z_mu[61],0.1763736754655838,0.6128965616226196,0.17664018273353577,-0.43704885244369507,0.7897776365280151,1.0010018976203248,1046.9825439453125,00-0032385,Sterling Shepard
z_mu[62],0.25459277629852295,0.369406133890152,0.2543898820877075,-0.11601489037275314,0.6251634955406189,1.0010063168641552,463.66363525390625,00-0032398,Chris Moore
z_mu[63],-0.6924479007720947,0.9477135539054871,-0.6925802230834961,-1.6421380043029785,0.2560310959815979,1.0010023221670428,966.2152099609375,00-0032464,Kalif Raymond
z_mu[64],-0.6097480654716492,1.018531322479248,-0.6084750294685364,-1.6300557851791382,0.409866601228714,1.0010026024939673,1284.191162109375,00-0032543,Alex Erickson
z_mu[65],-0.2615170478820801,0.29850733280181885,-0.2614714801311493,-0.5609121918678284,0.03769264370203018,1.001004597800013,490.5068054199219,00-0032626,Geronimo Allison
z_mu[66],0.46065232157707214,0.48672938346862793,0.46043699979782104,-0.0264898594468832,0.9486185908317566,1.0010028430027074,934.6444091796875,00-0032688,Robbie Chosen
z_mu[67],-0.2395491749048233,0.5517524480819702,-0.23921698331832886,-0.7930814027786255,0.31268441677093506,1.001002955521961,860.7452392578125,00-0032765,Michael Thomas
z_mu[68],0.902396559715271,0.5011221766471863,0.9024553298950195,0.40057626366615295,1.4041175842285156,1.0010021351224,941.5106201171875,00-0032775,Demarcus Robinson
z_mu[69],0.31364017724990845,1.6871559619903564,0.3127726912498474,-1.3747137784957886,2.0034754276275635,1.001001912549452,1956.804931640625,00-0032778,Tajae Sharpe
z_mu[70],0.04067946970462799,0.1080109104514122,0.03987333923578262,-0.06856010109186172,0.14977258443832397,1.0010522224891922,149.31956481933594,00-0032791,Jakeem Grant
z_mu[71],0.4467249810695648,0.13783706724643707,0.4471915662288666,0.30684205889701843,0.5867741703987122,1.001059779011074,156.4598388671875,00-0032881,Tommylee Lewis
z_mu[72],0.7794435620307922,0.07109067589044571,0.7794506549835205,0.7072275280952454,0.8514618873596191,1.0010762622700538,121.35955810546875,00-0032951,Laquon Treadwell
z_mu[73],-0.3065314292907715,0.24380609393119812,-0.30602964758872986,-0.5518804788589478,-0.061467986553907394,1.0010126193156688,355.05963134765625,00-0032977,Rashard Higgins
z_mu[74],0.08974026143550873,0.0321042500436306,0.0901636853814125,0.056859590113162994,0.12281142920255661,1.00128585073613,53.811187744140625,00-0032980,Marcus Johnson
z_mu[75],-0.8055340051651001,1.0943926572799683,-0.8066321611404419,-1.9008469581604004,0.2900553345680237,1.0010018676930381,1159.505126953125,00-0033006,Jaydon Mickens
z_mu[76],0.20658403635025024,0.37196800112724304,0.20642706751823425,-0.16825000941753387,0.5799005031585693,1.001013474146293,334.8589172363281,00-0033009,Tyler Boyd
z_mu[77],2.1347970962524414,0.41688835620880127,2.134514808654785,1.7162761688232422,2.5544261932373047,1.0010118625927344,452.5292053222656,00-0033040,Tyreek Hill
z_mu[78],-0.5563937425613403,1.399601697921753,-0.5552933216094971,-1.9573441743850708,0.843518853187561,1.0010015548353575,1442.1976318359375,00-0033094,Marvin Hall
z_mu[79],0.4118900001049042,0.4816914200782776,0.4130061864852905,-0.07106068730354309,0.8945396542549133,1.0010049507654186,577.2578735351562,00-0033111,Pharoh Cooper
z_mu[80],-0.3612671196460724,0.43127426505088806,-0.36179906129837036,-0.7929778099060059,0.07055436819791794,1.0010021955819486,919.7567749023438,00-0033114,Mike Thomas
z_mu[81],0.16809718310832977,0.28303515911102295,0.16917356848716736,-0.11680188775062561,0.4529721736907959,1.0010181423387459,387.6228332519531,00-0033127,Will Fuller
z_mu[82],-0.2869350016117096,0.18481415510177612,-0.28705331683158875,-0.4724093973636627,-0.10016746073961258,1.0010214517882698,203.4947509765625,00-0033215,Cyril Grayson
z_mu[83],-0.2263430953025818,0.20397473871707916,-0.22635512053966522,-0.43137797713279724,-0.021236997097730637,1.0010108791285077,356.0577697753906,00-0033251,Zach Pascal
z_mu[84],-0.3027840256690979,0.3906571865081787,-0.3038729429244995,-0.6956833600997925,0.09024261683225632,1.001013009834438,421.8437805175781,00-0033266,JoJo Natson
z_mu[85],-0.2291422188282013,1.7886418104171753,-0.22822892665863037,-2.017956018447876,1.5594240427017212,1.001001169430111,2693.237548828125,00-0033282,Curtis Samuel
z_mu[86],1.2068413496017456,0.9225247502326965,1.2063745260238647,0.2834452986717224,2.1300623416900635,1.0010017326461382,1613.3709716796875,00-0033292,Trent Taylor
z_mu[87],0.7378997206687927,0.11624719947576523,0.7377793788909912,0.6210379004478455,0.855852484703064,1.0010405349438147,171.44107055664062,00-0033307,Kendrick Bourne
z_mu[88],-0.04271351918578148,0.07375067472457886,-0.042239196598529816,-0.11776722967624664,0.03169385343790054,1.0010765086657594,138.46238708496094,00-0033367,C.J. Board
z_mu[89],-0.09460517019033432,0.7479040622711182,-0.09453997015953064,-0.843677282333374,0.6538153290748596,1.0010020195857046,1107.6949462890625,00-0033375,Tim Patrick
z_mu[90],-0.7110065221786499,0.09319867193698883,-0.7102787494659424,-0.8055962920188904,-0.6162883043289185,1.0010877790071566,122.75595092773438,00-0033382,Austin Carr
z_mu[91],-0.924305260181427,0.41928088665008545,-0.9240601658821106,-1.344664216041565,-0.5046032667160034,1.0010029690504452,870.4353637695312,00-0033386,Cody Hollister
z_mu[92],-0.9986367225646973,0.15766628086566925,-0.9975173473358154,-1.1579067707061768,-0.8400933146476746,1.0010390545270142,189.11370849609375,00-0033460,John Ross
z_mu[93],-0.48790013790130615,0.6773770451545715,-0.48823532462120056,-1.1662689447402954,0.1910056322813034,1.0010027801045474,955.7430419921875,00-0033466,Isaiah McKenzie
z_mu[94],0.5019516944885254,1.3903918266296387,0.5033613443374634,-0.890459418296814,1.8931217193603516,1.0010018614115215,1339.467529296875,00-0033471,Isaiah Ford
z_mu[95],-0.6072255373001099,0.23756539821624756,-0.6058730483055115,-0.8467459678649902,-0.3684353232383728,1.0010290171089382,213.72540283203125,00-0033474,Gehrig Dieter
z_mu[96],-0.3910713791847229,0.047078028321266174,-0.39039045572280884,-0.4392246901988983,-0.34331363439559937,1.001215468774322,73.01780700683594,00-0033481,Marcus Kemp
z_mu[97],-0.4671918451786041,0.21714870631694794,-0.467804491519928,-0.6848946809768677,-0.24920137226581573,1.0010074654165972,452.4149475097656,00-0033536,Mike Williams
z_mu[98],-0.8285729885101318,0.8124975562095642,-0.8282654285430908,-1.6415400505065918,-0.015911100432276726,1.0010014226480262,1473.4017333984375,00-0033555,Mack Hollins
z_mu[99],0.5714682936668396,0.17590759694576263,0.5711674690246582,0.3945869207382202,0.7487818598747253,1.0010245562209665,223.568115234375,00-0033572,Jamal Agnew
z_mu[100],0.7898081541061401,0.03045656345784664,0.7894392013549805,0.75861656665802,0.8210394382476807,1.0012505063499721,62.397193908691406,00-0033589,David Moore
z_mu[101],1.5725878477096558,0.0659635066986084,1.572510004043579,1.5061091184616089,1.639098048210144,1.0010274999837607,174.07208251953125,00-0033591,Noah Brown
z_mu[102],0.6361070871353149,0.1598600149154663,0.6359941363334656,0.4748942255973816,0.7977218627929688,1.0010395346943117,164.01329040527344,00-0033633,Tanner Gentry
z_mu[103],0.37240248918533325,1.1867821216583252,0.3731081485748291,-0.8148620128631592,1.559662938117981,1.0010012691069219,2276.345458984375,00-0033681,Keelan Cole
z_mu[104],0.35305988788604736,0.6025078296661377,0.352818101644516,-0.2505345344543457,0.956347644329071,1.001002514196074,1168.320068359375,00-0033733,Greg Ward
z_mu[105],-0.4655090272426605,0.9730234742164612,-0.46576181054115295,-1.4392932653427124,0.5082634091377258,1.001001596908914,1584.5980224609375,00-0033839,Dede Westbrook
z_mu[106],0.09004378318786621,0.15926021337509155,0.09040454775094986,-0.0698920339345932,0.2502574026584625,1.001012550687032,293.2823181152344,00-0033840,Chad Hansen
z_mu[107],-0.20364129543304443,0.760386049747467,-0.20378056168556213,-0.9646126627922058,0.5572739839553833,1.0010017556690258,1177.56494140625,00-0033857,JuJu Smith-Schuster
z_mu[108],0.003983272239565849,0.8440082669258118,0.003288477659225464,-0.8410356640815735,0.8500668406486511,1.0010030617388488,914.6918334960938,00-0033859,Josh Malone
z_mu[109],-0.15138079226016998,0.3697488605976105,-0.15082046389579773,-0.5221272706985474,0.21908500790596008,1.0010039159192063,530.79931640625,00-0033871,Corey Davis
z_mu[110],-0.8955843448638916,0.43032562732696533,-0.8962550163269043,-1.3264251947402954,-0.46453508734703064,1.0010028716949129,745.4882202148438,00-0033891,Zay Jones
z_mu[111],0.06210046634078026,0.893542468547821,0.062003374099731445,-0.8318297863006592,0.9563389420509338,1.001001397457657,1412.759521484375,00-0033908,Cooper Kupp
z_mu[112],1.0989887714385986,0.5636962056159973,1.0996315479278564,0.5339977741241455,1.6633312702178955,1.0010027333375011,690.15185546875,00-0033911,Taywan Taylor
z_mu[113],-0.031925857067108154,0.5116381645202637,-0.03169071674346924,-0.5439099669456482,0.48027995228767395,1.0010016930478205,1156.84765625,00-0033921,Chris Godwin
z_mu[114],0.9856798648834229,1.6666377782821655,0.9864271879196167,-0.6820759177207947,2.652391195297241,1.0010013907242399,1768.9998779296875,00-0033932,Kenny Golladay
z_mu[115],-0.055708952248096466,1.252427101135254,-0.05591994524002075,-1.309213399887085,1.1979578733444214,1.0010015704968422,1424.58154296875,00-0033943,Josh Reynolds
z_mu[116],0.4134589433670044,0.7766091227531433,0.4127873182296753,-0.3638222813606262,1.1925842761993408,1.0010031848194236,902.6550903320312,00-0033957,Rodney Adams
z_mu[117],0.39262232184410095,0.8614071607589722,0.3933343291282654,-0.4705548882484436,1.2557979822158813,1.00100253085496,1057.69482421875,00-0034052,Brandon Zylstra
z_mu[118],0.4180401861667633,0.5869109630584717,0.4170399606227875,-0.16946254670619965,1.0059682130813599,1.0010023488431927,800.1936645507812,00-0034054,River Cracraft
z_mu[119],-0.6791879534721375,0.30258503556251526,-0.6793639659881592,-0.9827018976211548,-0.37471485137939453,1.0010104397715884,373.686767578125,00-0034081,Steven Mitchell
z_mu[120],0.3159291446208954,0.9540566802024841,0.3164156377315521,-0.6386908292770386,1.270717978477478,1.0010017620847036,1144.56689453125,00-0034104,Cam Sims
z_mu[121],0.08635546267032623,0.1403040885925293,0.08688145875930786,-0.054876793175935745,0.22782133519649506,1.0010242244903282,199.98141479492188,00-0034132,Christian Blake
z_mu[122],-0.5468760132789612,0.6462198495864868,-0.5460175275802612,-1.1937134265899658,0.10135424882173538,1.001003464276031,867.9192504882812,00-0034207,Jeff Badet
z_mu[123],-0.25791794061660767,0.3422037661075592,-0.25758644938468933,-0.6009782552719116,0.08511212468147278,1.0010048951543589,471.89166259765625,00-0034267,Jaleel Scott
z_mu[124],0.010578035376966,0.4748467803001404,0.010647386312484741,-0.4661341905593872,0.4863593578338623,1.0010045790087276,603.1912231445312,00-0034272,Marquez Valdes-Scantling
z_mu[125],0.5370686054229736,0.5124731659889221,0.5375949740409851,0.022709425538778305,1.05034601688385,1.0010051629558863,611.3084106445312,00-0034273,Damion Ratley
z_mu[126],-0.5019071698188782,0.5840842127799988,-0.5014550089836121,-1.0870378017425537,0.08256426453590393,1.0010024422038128,817.9263305664062,00-0034279,Equanimeous St. Brown
z_mu[127],-1.3679249286651611,0.3725697696208954,-1.367527961730957,-1.7416269779205322,-0.9944095611572266,1.0010049782238555,579.7278442382812,00-0034286,Richie James
z_mu[128],-0.09165561199188232,0.07668770849704742,-0.09093382209539413,-0.16962052881717682,-0.014220381155610085,1.0010817239730054,116.58245849609375,00-0034297,Byron Pringle
z_mu[129],0.9008747339248657,0.3319559097290039,0.9003872871398926,0.5681436061859131,1.2340401411056519,1.001006221080373,437.70880126953125,00-0034309,Chad Beebe
z_mu[130],-0.3907001316547394,0.541594922542572,-0.3896891474723816,-0.9341438412666321,0.15177229046821594,1.0010044243173433,897.3671264648438,00-0034317,Keith Kirkwood
z_mu[131],0.48307323455810547,0.25610995292663574,0.48278486728668213,0.22590133547782898,0.7399803996086121,1.0010071044241937,381.1274719238281,00-0034348,Courtland Sutton
z_mu[132],0.682725727558136,0.39405161142349243,0.6833092570304871,0.28592538833618164,1.0773872137069702,1.0010086572405483,344.27734375,00-0034353,Anthony Miller
z_mu[133],0.12520259618759155,0.2977725565433502,0.12654376029968262,-0.17372526228427887,0.42394956946372986,1.0010075738435669,448.00506591796875,00-0034366,Keke Coutee
z_mu[134],0.27157968282699585,0.769565224647522,0.271554172039032,-0.49952876567840576,1.0420178174972534,1.0010033402023406,782.0235595703125,00-0034370,DaeSean Hamilton
z_mu[135],0.4508197009563446,0.4615335762500763,0.4510984718799591,-0.012081152759492397,0.9130430817604065,1.0010045430271948,607.2389526367188,00-0034386,Justin Watson
z_mu[136],0.03560534119606018,0.12298276275396347,0.034962546080350876,-0.0887196883559227,0.16041681170463562,1.001070146484628,154.39540100097656,00-0034395,Daurice Fountain
z_mu[137],-1.213873028755188,0.9660289883613586,-1.2143471240997314,-2.18015718460083,-0.2471686601638794,1.001001397599101,1574.269287109375,00-0034407,Ray-Ray McCloud
z_mu[138],0.855343759059906,0.06720039248466492,0.8559228181838989,0.7872206568717957,0.9237765669822693,1.0011142967716167,113.27728271484375,00-0034411,Russell Gage
z_mu[139],0.7027837038040161,0.8613010048866272,0.7020636200904846,-0.15866470336914062,1.5648564100265503,1.0010016099516421,1440.727294921875,00-0034418,Cedrick Wilson
z_mu[140],-0.632061779499054,0.512144923210144,-0.6325738430023193,-1.145247220993042,-0.11922290176153183,1.001003447505629,581.6179809570312,00-0034419,Braxton Berrios
z_mu[141],-0.17207080125808716,0.4984404742717743,-0.17056122422218323,-0.6716894507408142,0.3270304799079895,1.0010046531322132,577.6429443359375,00-0034426,Javon Wims
z_mu[142],-0.7931771278381348,0.13299085199832916,-0.7932223081588745,-0.9274842143058777,-0.6588761806488037,1.001031987588623,192.91615295410156,00-0034487,Trent Sherfield
z_mu[143],0.8820935487747192,0.2078658640384674,0.8810880184173584,0.6721472144126892,1.0913668870925903,1.00102746080742,225.08201599121094,00-0034510,Robert Foster
z_mu[144],-0.37680584192276,0.2585325539112091,-0.377254843711853,-0.6364151239395142,-0.11691004037857056,1.0010101942356109,321.9765625,00-0034521,Allen Lazard
z_mu[145],-0.4738633930683136,0.28844407200813293,-0.4739950895309448,-0.7629051804542542,-0.18454544246196747,1.0010046185912345,457.0828552246094,00-0034631,Vyncint Smith
z_mu[146],0.3720192611217499,0.6258448958396912,0.37206411361694336,-0.254218727350235,0.9981863498687744,1.0010014467720825,1411.1751708984375,00-0034646,Brandon Powell
z_mu[147],-0.049440860748291016,0.7220010757446289,-0.04982393980026245,-0.7718197107315063,0.6741754412651062,1.00100226684701,1158.27880859375,00-0034652,Cameron Batson
z_mu[148],1.7625389099121094,2.5299816131591797,1.7645395994186401,-0.7683954238891602,4.2921905517578125,1.0010012140986397,2784.84375,00-0034653,Deontay Burnett
z_mu[149],-1.0462381839752197,0.01568608358502388,-1.046281099319458,-1.0632281303405762,-1.0294969081878662,1.0029689179830739,31.014780044555664,00-0034660,Rico Gafford
z_mu[150],-0.6411232352256775,0.29513415694236755,-0.6406126618385315,-0.9382610321044922,-0.3449442386627197,1.0010148294135153,352.9988098144531,00-0034676,James Washington
z_mu[151],-0.4985228478908539,0.9093034863471985,-0.49534356594085693,-1.4102072715759277,0.4111098051071167,1.001004278256615,622.85205078125,00-0034686,Auden Tate
z_mu[152],-0.029558472335338593,0.6457400918006897,-0.028660565614700317,-0.6762420535087585,0.617573082447052,1.001002838415007,860.9707641601562,00-0034764,Michael Gallup
z_mu[153],-0.5607321262359619,0.8461066484451294,-0.5603325366973877,-1.4077740907669067,0.2858959436416626,1.0010016579134307,1119.088623046875,00-0034765,Tre'Quan Smith
z_mu[154],0.4538821876049042,0.9056395292282104,0.4543522596359253,-0.45276588201522827,1.359771966934204,1.0010015251705817,1854.516357421875,00-0034772,Antonio Callaway
z_mu[155],0.22298185527324677,0.7891783118247986,0.22300004959106445,-0.5666587352752686,1.0124800205230713,1.001001397868756,1404.829833984375,00-0034775,Christian Kirk
z_mu[156],0.6160744428634644,0.33656519651412964,0.6161869764328003,0.27803364396095276,0.9539667963981628,1.0010118740463443,284.2279052734375,00-0034777,D.J. Chark
z_mu[157],0.4767543375492096,0.6467078924179077,0.476732075214386,-0.1705884486436844,1.1246211528778076,1.0010021977444228,1242.981689453125,00-0034827,D.J. Moore
z_mu[158],-0.8613649010658264,0.3521135449409485,-0.8612778186798096,-1.2165979146957397,-0.5079599618911743,1.0010164462158933,277.6011047363281,00-0034837,Calvin Ridley
z_mu[159],0.2645513713359833,0.5338916778564453,0.2647171914577484,-0.2708536386489868,0.799135684967041,1.0010037758910721,872.1371459960938,00-0034854,KhaDarel Hodge
z_mu[160],0.4709053635597229,0.49978289008140564,0.47061267495155334,-0.02930920384824276,0.9714365005493164,1.001002092121509,957.4736328125,00-0034860,Dante Pettis
z_mu[161],1.091559648513794,0.4050230383872986,1.0912104845046997,0.6856372952461243,1.4982576370239258,1.0010063733963128,606.7059326171875,00-0034867,Malik Turner
z_mu[162],-0.44561025500297546,1.5986614227294922,-0.445459246635437,-2.0445117950439453,1.1532323360443115,1.0010011382226423,2847.104248046875,00-0034928,Steven Sims
z_mu[163],0.4002325236797333,0.3787968158721924,0.40122565627098083,0.019981052726507187,0.7795383930206299,1.0010058005401339,434.49066162109375,00-0034930,Trinity Benson
z_mu[164],-2.014885663986206,0.15904481709003448,-2.015875816345215,-2.175036668777466,-1.8546183109283447,1.0010238769693711,247.2115936279297,00-0034960,Jakobi Meyers
z_mu[165],0.4808795154094696,1.218279242515564,0.47957590222358704,-0.7377103567123413,1.7007241249084473,1.0010017170304093,1487.561767578125,00-0034983,Hunter Renfrow
z_mu[166],1.245764970779419,0.5118575096130371,1.2467265129089355,0.7325656414031982,1.758317470550537,1.0010035451278272,811.3739624023438,00-0035006,Olabisi Johnson
z_mu[167],-1.0192124843597412,1.0965218544006348,-1.019827961921692,-2.116051197052002,0.07861568033695221,1.001001686176393,1311.40234375,00-0035021,Ashton Dulin
z_mu[168],0.3651641309261322,0.0595085546374321,0.36393702030181885,0.30465462803840637,0.42607685923576355,1.001224424309396,76.11178588867188,00-0035022,Penny Hart
z_mu[169],-0.14076149463653564,0.136283740401268,-0.14020434021949768,-0.2781080901622772,-0.003724348032847047,1.0010221374658739,228.76412963867188,00-0035045,D.J. Montgomery
z_mu[170],-1.513968586921692,0.5131214261054993,-1.5135307312011719,-2.02809739112854,-0.9996575117111206,1.0010033483753185,604.1309204101562,00-0035101,Davion Davis
z_mu[171],0.366083025932312,0.17313441634178162,0.36568599939346313,0.19167453050613403,0.5412756204605103,1.001047143207141,206.69642639160156,00-0035120,Keelan Doss
z_mu[172],-0.017524555325508118,0.03111419454216957,-0.017375893890857697,-0.049214594066143036,0.014173798263072968,1.001169469654163,69.91004180908203,00-0035126,Antoine Wesley
z_mu[173],0.2993297874927521,0.03198551386594772,0.29922905564308167,0.2665751576423645,0.33220407366752625,1.0013380536719745,50.32569885253906,00-0035140,Mecole Hardman
z_mu[174],1.4613147974014282,0.416771799325943,1.4640631675720215,1.0423243045806885,1.8786132335662842,1.0010132335751496,322.9372253417969,00-0035164,Cody Thompson
z_mu[175],-1.1827785968780518,0.5707060694694519,-1.1829065084457397,-1.7544257640838623,-0.6109896898269653,1.0010026905281622,902.7657470703125,00-0035181,Darrius Shepherd
z_mu[176],0.8063008189201355,0.28014788031578064,0.8055030107498169,0.5255048274993896,1.0888118743896484,1.0010137530698846,406.3145446777344,00-0035208,Olamide Zaccheaus
z_mu[177],-0.12522311508655548,0.023327449336647987,-0.12527361512184143,-0.15061688423156738,-0.10083914548158646,1.0027782706188113,29.473369598388672,00-0035215,Deonte Harty
z_mu[178],0.8926058411598206,0.49680009484291077,0.892095148563385,0.39500102400779724,1.390355110168457,1.001003067159136,713.790283203125,00-0035216,Diontae Johnson
z_mu[179],-0.527864396572113,0.8945070505142212,-0.5269802808761597,-1.4249205589294434,0.36797255277633667,1.0010036812535978,983.9122924804688,00-0035246,J.J. Arcega-Whiteside
z_mu[180],1.229741096496582,0.2595289945602417,1.2292077541351318,0.9686411023139954,1.4907424449920654,1.0010136199400845,347.02972412109375,00-0035287,KeeSean Johnson
z_mu[181],0.34813418984413147,0.04804517701268196,0.34811460971832275,0.29901957511901855,0.39776208996772766,1.0012872099301293,71.5428466796875,00-0035298,Scott Miller
z_mu[182],0.11074068397283554,0.7344964742660522,0.10974866151809692,-0.6251295208930969,0.8475574851036072,1.0010046586755905,815.39501953125,00-0035313,Terry Godwin
z_mu[183],-1.1735328435897827,1.0774476528167725,-1.173356056213379,-2.2518863677978516,-0.0958896204829216,1.0010014216743415,2150.675048828125,00-0035341,Trenton Irwin
z_mu[184],-0.12523303925991058,1.9168107509613037,-0.12562960386276245,-2.042940616607666,1.7923405170440674,1.0010013086347451,2560.916015625,00-0035350,Preston Williams
z_mu[185],-0.9351956248283386,0.009213583543896675,-0.9352845549583435,-0.9449050426483154,-0.9251192808151245,1.0041430407908885,17.285520553588867,00-0035359,David Sills
z_mu[186],-1.3504517078399658,0.34806641936302185,-1.351593017578125,-1.6990132331848145,-0.9991219639778137,1.0010151194932375,397.3813781738281,00-0035399,Stanley Morgan
z_mu[187],0.4485968351364136,0.38783255219459534,0.4472236633300781,0.05939016118645668,0.8395372629165649,1.0010176130723216,536.1602783203125,00-0035406,Lil'Jordan Humphrey
z_mu[188],-0.3053226172924042,0.07880467176437378,-0.3062693476676941,-0.38469839096069336,-0.22540804743766785,1.0010655629000498,131.82859802246094,00-0035414,Jalen Guyton
z_mu[189],-0.334134966135025,0.6773838400840759,-0.3327500820159912,-1.013472318649292,0.34425678849220276,1.00100378810872,904.444091796875,00-0035432,Jason Moore
z_mu[190],0.06192731112241745,0.37772321701049805,0.062426432967185974,-0.3167603015899658,0.44056373834609985,1.0010048858935494,555.4367065429688,00-0035457,Tyron Johnson
z_mu[191],0.04189199581742287,0.30634382367134094,0.041971057653427124,-0.26604461669921875,0.3495285212993622,1.0010100193240548,438.96990966796875,00-0035480,Malik Taylor
z_mu[192],-0.2291458547115326,0.4464814066886902,-0.22763264179229736,-0.6779797673225403,0.2176188826560974,1.0010077520371765,516.9058837890625,00-0035500,Greg Dortch
z_mu[193],0.287975549697876,0.09065837413072586,0.2878246009349823,0.19602668285369873,0.3803626596927643,1.001125123128776,120.1388168334961,00-0035510,Jeff Smith
z_mu[194],0.7984074950218201,0.6224570274353027,0.797999918460846,0.17561239004135132,1.4218690395355225,1.0010022796340217,928.5735473632812,00-0035527,Andy Isabella
z_mu[195],-0.2356051206588745,0.2732391059398651,-0.23505902290344238,-0.509565532207489,0.03821765258908272,1.0010041352522807,543.1188354492188,00-0035529,Hakeem Butler
z_mu[196],-1.0132942199707031,0.20580513775348663,-1.013847827911377,-1.219773769378662,-0.8062867522239685,1.0010116187898328,296.8431396484375,00-0035535,Darius Slayton
z_mu[197],0.042074572294950485,1.6159887313842773,0.04200261831283569,-1.574512243270874,1.6585475206375122,1.0010011888297927,2475.8896484375,00-0035544,Tom Kennedy
z_mu[198],0.16725707054138184,0.9226728081703186,0.1665494740009308,-0.7560235261917114,1.0913163423538208,1.0010018110096588,1518.493408203125,00-0035590,Riley Ridley
z_mu[199],-0.753974199295044,0.6883221864700317,-0.7544445991516113,-1.4428026676177979,-0.06455999612808228,1.001002023192454,1321.853515625,00-0035592,Travis Fulgham
z_mu[200],1.5869808197021484,0.11857488006353378,1.5876829624176025,1.4663418531417847,1.706808090209961,1.0010810547560103,165.0407257080078,00-0035593,Juwann Winfree
z_mu[201],0.3424006700515747,0.6196345090866089,0.34245169162750244,-0.277910053730011,0.9623845219612122,1.0010017565375682,1054.399658203125,00-0035602,Alex Bachman
z_mu[202],1.0383819341659546,1.1727110147476196,1.0386146306991577,-0.13476969301700592,2.21109938621521,1.001001238697495,2421.691162109375,00-0035621,Nsimba Webster
z_mu[203],0.13169023394584656,0.286753386259079,0.13187696039676666,-0.1563243567943573,0.41926077008247375,1.001007977905129,439.84344482421875,00-0035624,N'Keal Harry
z_mu[204],1.048127293586731,0.5787562727928162,1.0476441383361816,0.46910029649734497,1.6273436546325684,1.0010016034027416,1257.9244384765625,00-0035639,Parris Campbell
z_mu[205],0.38711583614349365,0.1805298626422882,0.38782134652137756,0.20491595566272736,0.5683736205101013,1.0010198876847742,310.0417175292969,00-0035640,DK Metcalf
z_mu[206],-0.80185866355896,0.24518536031246185,-0.8024163246154785,-1.0486834049224854,-0.554915726184845,1.001022458798915,272.96112060546875,00-0035645,Gunner Olszewski
z_mu[207],1.4050915241241455,1.0911283493041992,1.4041250944137573,0.31366226077079773,2.4970269203186035,1.001001615353409,1353.021240234375,00-0035659,Terry McLaurin
z_mu[208],-0.5388330221176147,0.43326708674430847,-0.5392283201217651,-0.9730408191680908,-0.10419850796461105,1.0010047471251373,633.7017822265625,00-0035662,Marquise Brown
z_mu[209],0.306708425283432,0.7510818243026733,0.30654072761535645,-0.4453046917915344,1.058418869972229,1.0010020660104588,1248.51806640625,00-0035676,A.J. Brown
z_mu[210],-1.1669570207595825,0.08854130655527115,-1.1671050786972046,-1.2565118074417114,-1.0772489309310913,1.0010645750779026,147.0981903076172,00-0035703,Miles Boykin
z_mu[211],-0.13755527138710022,0.6637958884239197,-0.13801029324531555,-0.8014041185379028,0.5279024243354797,1.0010020171876495,1219.5428466796875,00-0035719,Deebo Samuel
z_mu[212],0.2662712335586548,0.14494536817073822,0.2665454149246216,0.11973515897989273,0.4116484820842743,1.0010215030746594,212.41404724121094,00-0035844,Kirk Merritt
z_mu[213],-0.0006906012422405183,0.24999968707561493,-0.002078711986541748,-0.2512225806713104,0.25204697251319885,1.0010186646392512,327.3876953125,00-0035848,DeMichael Harris
z_mu[214],0.7609959244728088,0.05693909898400307,0.7608799934387207,0.7031789422035217,0.8196220397949219,1.0012349869184431,75.08184051513672,00-0035864,Kendall Hinton
z_mu[215],0.4102889895439148,0.8192722201347351,0.41076210141181946,-0.40997999906539917,1.2303045988082886,1.0010020241398678,1195.1663818359375,00-0035869,Austin Mack
z_mu[216],0.20564275979995728,0.8369098901748657,0.20540079474449158,-0.6317161917686462,1.0434746742248535,1.001001512392445,1481.2296142578125,00-0035876,Andre Baccellia
z_mu[217],-1.6209689378738403,1.3437327146530151,-1.6209936141967773,-2.964935779571533,-0.27698493003845215,1.0010011510357224,2468.129638671875,00-0035883,Maurice Ffrench
z_mu[218],0.3902709186077118,0.4764519929885864,0.3899582624435425,-0.08750045299530029,0.8674229979515076,1.0010048688881854,690.89501953125,00-0035891,Cody White
z_mu[219],-0.7190397381782532,0.7491283416748047,-0.7180353999137878,-1.4697216749191284,0.030974555760622025,1.001002635146317,1002.7896118164062,00-0035934,Trishton Jackson
z_mu[220],0.7254171371459961,0.16683758795261383,0.7250221967697144,0.5576235055923462,0.8945679068565369,1.0010259000131676,196.07301330566406,00-0035976,Dan Chisena
z_mu[221],0.03269054368138313,0.049547988921403885,0.0322732999920845,-0.017454393208026886,0.08340298384428024,1.0011340559338506,87.87360382080078,00-0036080,Easop Winston
z_mu[222],0.590941309928894,0.7731685638427734,0.5905655026435852,-0.18278245627880096,1.3661792278289795,1.0010025807000626,1073.3790283203125,00-0036100,Isaiah Zuber
z_mu[223],1.5631749629974365,0.5687901973724365,1.5628312826156616,0.9937218427658081,2.132657766342163,1.0010020111771847,914.1200561523438,00-0036110,Ja'Marcus Bradley
z_mu[224],-0.8105387687683105,0.7952373623847961,-0.810745894908905,-1.6062211990356445,-0.014740316197276115,1.0010014976919381,1421.9998779296875,00-0036133,James Proche
z_mu[225],-0.8491745591163635,0.33078035712242126,-0.8496707677841187,-1.1814326047897339,-0.517511785030365,1.0010061759976783,406.8470153808594,00-0036142,Isaiah Wright
z_mu[226],-0.40429675579071045,0.8654536008834839,-0.4063231348991394,-1.2703771591186523,0.4620782136917114,1.0010021386576247,1180.395751953125,00-0036165,Isaiah Hodgins
z_mu[227],0.35598424077033997,1.0970653295516968,0.35433298349380493,-0.7414935231208801,1.4553277492523193,1.0010020978695455,1242.9974365234375,00-0036176,Mason Kinsey
z_mu[228],0.41758254170417786,0.1334373503923416,0.41753286123275757,0.28316962718963623,0.5517922639846802,1.0010155886984236,289.2434997558594,00-0036182,Nick Westbrook-Ikhine
z_mu[229],0.03039134107530117,0.6105489730834961,0.03094366192817688,-0.5810977816581726,0.6418417692184448,1.0010024999970073,738.3735961914062,00-0036183,Kristian Wilkerson
z_mu[230],0.6348082423210144,1.639557957649231,0.6353371739387512,-1.0045267343521118,2.2752883434295654,1.0010011827058072,2107.42138671875,00-0036196,Gabe Davis
z_mu[231],0.4140265882015228,0.07949087023735046,0.41441798210144043,0.3326045274734497,0.4952390491962433,1.0011861700202902,73.44905090332031,00-0036219,Marquez Callaway
z_mu[232],-0.4556686580181122,0.43932175636291504,-0.45549672842025757,-0.8960373401641846,-0.014965791255235672,1.0010040935490645,565.7093505859375,00-0036228,Dezmon Patmon
z_mu[233],0.4431033134460449,0.479349285364151,0.4426175057888031,-0.037343740463256836,0.923180878162384,1.0010030234771736,627.0366821289062,00-0036233,Donovan Peoples-Jones
z_mu[234],-0.1197269931435585,0.5892985463142395,-0.11958476901054382,-0.7098774909973145,0.470371276140213,1.0010022942534802,930.1685791015625,00-0036247,Freddie Swain
z_mu[235],-0.7690278887748718,1.81283700466156,-0.76933354139328,-2.581940174102783,1.0440964698791504,1.0010011445554665,3160.992431640625,00-0036252,Michael Pittman
z_mu[236],1.0651170015335083,0.03682300075888634,1.0651439428329468,1.0268824100494385,1.1033135652542114,1.0015363605401744,41.151371002197266,00-0036254,Collin Johnson
z_mu[237],0.05324370786547661,0.19044512510299683,0.05314455181360245,-0.1390513777732849,0.245316743850708,1.0010308669934822,280.3071594238281,00-0036255,Denzel Mims
z_mu[238],-0.09758942574262619,0.30772149562835693,-0.0984935611486435,-0.40644943714141846,0.2128129005432129,1.0010162875092274,334.8672790527344,00-0036259,Jauan Jennings
z_mu[239],-0.5376320481300354,0.40337705612182617,-0.5369216203689575,-0.9419429302215576,-0.13336116075515747,1.0010039853936317,563.9276123046875,00-0036261,Brandon Aiyuk
z_mu[240],0.39252322912216187,0.10835723578929901,0.3937429189682007,0.2824247181415558,0.5018585920333862,1.0010963341735468,161.79197692871094,00-0036268,Laviska Shenault Jr.
z_mu[241],1.2205983400344849,1.0634044408798218,1.2209925651550293,0.15686936676502228,2.284388780593872,1.0010012887139834,1705.8436279296875,00-0036271,Quez Watkins
z_mu[242],0.7828017473220825,0.27095577120780945,0.7829450368881226,0.5105495452880859,1.055235743522644,1.0010160954369376,335.0337829589844,00-0036277,Quintez Cephus
z_mu[243],0.49551692605018616,0.9211261868476868,0.4959608316421509,-0.42667460441589355,1.4172236919403076,1.0010018609371851,1307.5968017578125,00-0036308,Isaiah Coulter
z_mu[244],-0.6616722941398621,0.12465323507785797,-0.6620983481407166,-0.789099931716919,-0.5354812741279602,1.0010830569810656,105.78254699707031,00-0036309,Darnell Mooney
z_mu[245],-0.23918646574020386,0.9305117726325989,-0.23918727040290833,-1.1708422899246216,0.6923564672470093,1.0010020242584639,1359.18017578125,00-0036322,Justin Jefferson
z_mu[246],-0.9183092713356018,0.7789553999900818,-0.9179325103759766,-1.6989104747772217,-0.13926945626735687,1.0010018915318684,1474.3388671875,00-0036326,Chase Claypool
z_mu[247],0.5328131318092346,0.36208659410476685,0.5338166952133179,0.16958889365196228,0.8957584500312805,1.0010054560916652,552.4154052734375,00-0036331,Devin Duvernay
z_mu[248],0.007195287849754095,0.3799546957015991,0.00730443000793457,-0.3738730549812317,0.3878258764743805,1.0010040574159358,578.6945190429688,00-0036340,Antonio Gandy-Golden
z_mu[249],1.5295629501342773,0.6460990309715271,1.5311732292175293,0.8819077014923096,2.1761996746063232,1.0010035318456263,731.6178588867188,00-0036345,K.J. Osborn
z_mu[250],-1.6199181079864502,0.008267399854958057,-1.619923710823059,-1.6293070316314697,-1.6106926202774048,1.00781196246098,13.441622734069824,00-0036357,Henry Ruggs
z_mu[251],1.1614726781845093,0.40205666422843933,1.160646677017212,0.7587963938713074,1.5650519132614136,1.0010059459654659,667.901611328125,00-0036358,CeeDee Lamb
z_mu[252],0.2486872375011444,0.45492610335350037,0.2487352043390274,-0.20655830204486847,0.7049165964126587,1.0010033666866445,583.4840698242188,00-0036364,Lynn Bowden
z_mu[253],0.37774932384490967,0.6955003142356873,0.37740227580070496,-0.31800565123558044,1.0738199949264526,1.00100146381063,1354.108642578125,00-0036365,Bryan Edwards
z_mu[254],0.048298180103302,0.482744961977005,0.04899495840072632,-0.43554532527923584,0.5324140787124634,1.0010036701896428,655.1570434570312,00-0036377,Joe Reed
z_mu[255],0.3607286810874939,1.1427905559539795,0.3612387478351593,-0.7828291654586792,1.5041106939315796,1.0010013745644466,1976.7491455078125,00-0036382,K.J. Hill
z_mu[256],0.7834967970848083,1.1123517751693726,0.7833936214447021,-0.3294631838798523,1.896409034729004,1.0010013850295738,2350.578125,00-0036387,Jalen Reagor
z_mu[257],-0.41286471486091614,0.8410792350769043,-0.41286659240722656,-1.256943941116333,0.42966634035110474,1.0010036417846893,869.4857177734375,00-0036398,John Hightower
z_mu[258],-0.45681673288345337,0.3886215090751648,-0.45642897486686707,-0.8465709686279297,-0.06711532175540924,1.0010041310001399,586.6948852539062,00-0036407,Jerry Jeudy
z_mu[259],-0.14391283690929413,0.10405702143907547,-0.14448794722557068,-0.2487935870885849,-0.03871995955705643,1.0010334198148625,160.97398376464844,00-0036410,Tee Higgins
z_mu[260],1.758137583732605,0.40857815742492676,1.7584302425384521,1.348813533782959,2.1671226024627686,1.0010026924744,681.0088500976562,00-0036412,K.J. Hamler
z_mu[261],-0.8294664025306702,0.09062503278255463,-0.8300251960754395,-0.921006977558136,-0.7377957701683044,1.0010822095659924,101.35757446289062,00-0036415,Van Jefferson
z_mu[262],0.7980942130088806,0.5914567708969116,0.7982211112976074,0.20542451739311218,1.3904070854187012,1.0010031756107935,927.215087890625,00-0036427,Tyler Johnson
z_mu[263],-0.18145062029361725,0.4448075294494629,-0.1804753541946411,-0.6277325749397278,0.26568111777305603,1.0010082820133006,570.5474853515625,00-0036439,Tyrie Cleveland
z_mu[264],-0.27425190806388855,0.5749097466468811,-0.27414146065711975,-0.8502377867698669,0.30131059885025024,1.001002572891547,812.716796875,00-0036463,Chris Blair
z_mu[265],1.4394115209579468,1.3069359064102173,1.4393610954284668,0.13165126740932465,2.746960163116455,1.001001308387704,1874.8720703125,00-0036482,Mike Strachan
z_mu[266],-0.23081432282924652,0.5591012239456177,-0.23044030368328094,-0.7923714518547058,0.32966527342796326,1.0010051246915324,561.38720703125,00-0036491,Tarik Black
z_mu[267],-0.5177818536758423,0.1696842610836029,-0.5178815126419067,-0.6883753538131714,-0.34716707468032837,1.0010141743882828,293.6297302246094,00-0036497,Tim Jones
z_mu[268],0.3225095570087433,0.7168201804161072,0.32238835096359253,-0.39507538080215454,1.0403640270233154,1.0010022280996453,1169.3857421875,00-0036527,D.J. Turner
z_mu[269],0.028866106644272804,0.02185199223458767,0.028933119028806686,0.0062593091279268265,0.05152703449130058,1.001511226539875,48.357177734375,00-0036550,Rashod Bateman
z_mu[270],0.18150471150875092,0.4176264703273773,0.18152546882629395,-0.2369644045829773,0.5994728207588196,1.0010024416767542,767.9483642578125,00-0036554,Nico Collins
z_mu[271],-0.06368276476860046,0.314206063747406,-0.0630246251821518,-0.3790321350097656,0.25086700916290283,1.0010051809412508,503.53021240234375,00-0036572,Shi Smith
z_mu[272],-0.11294563859701157,0.016908442601561546,-0.11372548341751099,-0.1323137730360031,-0.09485840797424316,1.004764208910551,21.734159469604492,00-0036613,Jaylen Waddle
z_mu[273],0.15086963772773743,0.5443206429481506,0.15027835965156555,-0.39422667026519775,0.6970517635345459,1.001003512466566,853.0995483398438,00-0036620,D'Wayne Eskridge
z_mu[274],-0.0804462656378746,0.37283408641815186,-0.07998353242874146,-0.4541434049606323,0.29343563318252563,1.0010048591580998,487.38714599609375,00-0036626,Dyami Brown
z_mu[275],-1.049797534942627,0.7161917090415955,-1.0497897863388062,-1.7665709257125854,-0.33323174715042114,1.0010017638615334,1086.7664794921875,00-0036627,Dez Fitzpatrick
z_mu[276],0.46476858854293823,0.8085120916366577,0.46492278575897217,-0.34444791078567505,1.2739181518554688,1.0010015780961425,1434.424560546875,00-0036630,Tylan Wallace
z_mu[277],0.05060252547264099,0.27471041679382324,0.050434552133083344,-0.22522801160812378,0.32591208815574646,1.001004479459444,516.0117797851562,00-0036635,Ihmir Smith-Marsette
z_mu[278],0.19860444962978363,1.1500847339630127,0.1995169222354889,-0.9521028399467468,1.3496102094650269,1.0010014915000358,1645.2109375,00-0036646,Simi Fehoko
z_mu[279],-0.7342316508293152,0.3802296221256256,-0.7337930202484131,-1.1168967485427856,-0.3528714179992676,1.001010742455043,512.8923950195312,00-0036652,Racey McMath
z_mu[280],-0.6495940089225769,0.37446093559265137,-0.6499596834182739,-1.024839997291565,-0.27411630749702454,1.001004185564742,652.7196044921875,00-0036657,Seth Williams
z_mu[281],0.10457592457532883,0.7223336696624756,0.1041615903377533,-0.6186203360557556,0.8272730112075806,1.0010015986827963,1197.7718505859375,00-0036671,Dax Milne
z_mu[282],0.156171977519989,0.18287990987300873,0.15543273091316223,-0.027503876015543938,0.3400646150112152,1.0010159757655521,254.93829345703125,00-0036810,Cade Johnson
z_mu[283],0.04183075204491615,0.48338910937309265,0.04173475503921509,-0.4418832063674927,0.5257656574249268,1.0010017030516094,1087.3583984375,00-0036841,Austin Trammell
z_mu[284],0.1759900003671646,0.2261974811553955,0.17636987566947937,-0.05189559608697891,0.40301331877708435,1.001014271441246,389.25848388671875,00-0036849,Tutu Atwell
z_mu[285],-0.4259236454963684,0.4128858745098114,-0.42563024163246155,-0.8401022553443909,-0.012121560052037239,1.0010048879156315,547.7201538085938,00-0036858,Jalen Camp
z_mu[286],0.37610170245170593,0.16007646918296814,0.3754209578037262,0.21448098123073578,0.5380553007125854,1.0010479281461269,191.81820678710938,00-0036862,Ben Skowronek
z_mu[287],0.2032117396593094,0.4868967533111572,0.20303411781787872,-0.2842412292957306,0.6910746097564697,1.0010025531974918,753.5519409179688,00-0036877,Jaelon Darden
z_mu[288],-0.8429102897644043,1.602373480796814,-0.842509388923645,-2.446387529373169,0.7594962120056152,1.001001263409071,2391.33447265625,00-0036900,Ja'Marr Chase
z_mu[289],0.7446960210800171,0.029511800035834312,0.7450297474861145,0.7141491770744324,0.7750588655471802,1.0014582714658513,50.413002014160156,00-0036907,Dazz Newsome
z_mu[290],1.1993112564086914,0.0009534970158711076,1.1994166374206543,1.1975284814834595,1.2006458044052124,3.1888577076822,1.6355853080749512,00-0036910,C.J. Saunders
z_mu[291],0.5685728788375854,1.2431389093399048,0.5692276954650879,-0.6753569841384888,1.8124842643737793,1.00100139627914,2201.0751953125,00-0036912,DeVonta Smith
z_mu[292],0.03472645580768585,0.3481844365596771,0.03446611762046814,-0.31377238035202026,0.3837447166442871,1.001002802209071,671.2947387695312,00-0036913,Kadarius Toney
z_mu[293],0.29565194249153137,0.3575901985168457,0.29594364762306213,-0.06356174498796463,0.6541709899902344,1.0010103008558318,435.47698974609375,00-0036918,Jacob Harris
z_mu[294],0.7386647462844849,0.4231247007846832,0.7388160228729248,0.3138962388038635,1.1631712913513184,1.0010055874056332,567.57568359375,00-0036936,Rondale Moore
z_mu[295],-0.5728487372398376,0.8942551016807556,-0.5743966102600098,-1.467988133430481,0.3239153027534485,1.0010037972020616,899.5533447265625,00-0036951,Frank Darby
z_mu[296],0.39568760991096497,1.3962817192077637,0.39593595266342163,-1.0013670921325684,1.7917649745941162,1.0010011689619969,2324.85986328125,00-0036955,Terrace Marshall
z_mu[297],-0.1775565892457962,0.8584257364273071,-0.17791828513145447,-1.0368783473968506,0.6836222410202026,1.001003313876281,1013.2341918945312,00-0036959,Michael Bandy
z_mu[298],-0.08503603935241699,0.43096521496772766,-0.08482734858989716,-0.517027735710144,0.34639495611190796,1.001002842813205,1031.1705322265625,00-0036963,Amon-Ra St. Brown
z_mu[299],0.2980702817440033,0.4821154773235321,0.2984723448753357,-0.18493260443210602,0.7808167934417725,1.001002450085978,844.310791015625,00-0036980,Elijah Moore
z_mu[300],0.48335644602775574,0.07470954954624176,0.48335301876068115,0.40690508484840393,0.5589745044708252,1.0011297729162394,107.3276596069336,00-0036988,Josh Palmer
z_mu[301],0.427857905626297,0.2837081849575043,0.4283291697502136,0.1429980844259262,0.7124764323234558,1.0010063618836973,416.38616943359375,00-0036991,Amari Rodgers
z_mu[302],0.8098986148834229,0.5941541194915771,0.8101379871368408,0.21510154008865356,1.4043196439743042,1.0010017665490807,1082.78271484375,00-0036999,Anthony Schwartz
z_mu[303],1.2247672080993652,0.1392187625169754,1.2243998050689697,1.0835880041122437,1.3651819229125977,1.0010471900306523,179.57040405273438,00-0037055,Lance McCutcheon
z_mu[304],0.43774890899658203,0.37787413597106934,0.4385189712047577,0.058490268886089325,0.8162887692451477,1.0010053655101399,556.638671875,00-0037091,Bo Melton
z_mu[305],-1.0877017974853516,1.313848853111267,-1.0868092775344849,-2.4034337997436523,0.22651779651641846,1.0010019080608865,2048.3837890625,00-0037093,Dareke Young
z_mu[306],-0.5962355732917786,0.1114816963672638,-0.5967802405357361,-0.7091372609138489,-0.48304447531700134,1.0010714010818558,132.52523803710938,00-0037098,Samori Toure
z_mu[307],0.3807663321495056,0.4643910825252533,0.381259024143219,-0.08503684401512146,0.846846342086792,1.0010058610819326,557.2704467773438,00-0037132,Britain Covey
z_mu[308],-0.2734338641166687,0.3327637314796448,-0.27306947112083435,-0.60683274269104,0.060502637177705765,1.0010044569324563,560.04541015625,00-0037156,Irvin Charles
z_mu[309],-0.4272688627243042,1.4522018432617188,-0.4278903603553772,-1.8798425197601318,1.0260748863220215,1.0010013934401347,1906.29541015625,00-0037216,Justyn Ross
z_mu[310],-0.0002648316731210798,0.6212805509567261,-0.0006415843963623047,-0.6224978566169739,0.6221710443496704,1.0010029083038698,760.8521728515625,00-0037231,Kevin Austin
z_mu[311],-0.2697124183177948,0.20780044794082642,-0.2690712809562683,-0.4806840717792511,-0.061029620468616486,1.0010355970217035,239.6134490966797,00-0037238,Drake London
z_mu[312],-0.5347306132316589,0.5138949155807495,-0.5369533896446228,-1.0492229461669922,-0.017134573310613632,1.0010128238909568,459.4593200683594,00-0037239,Chris Olave
z_mu[313],-0.28808361291885376,0.6376036405563354,-0.28769972920417786,-0.9268348813056946,0.3502848148345947,1.001002949972933,702.42626953125,00-0037240,Jameson Williams
z_mu[314],0.8709824085235596,0.1578989326953888,0.8709281086921692,0.7112095355987549,1.0295460224151611,1.0010241033458094,265.1634521484375,00-0037247,George Pickens
z_mu[315],-0.8109471201896667,1.3672837018966675,-0.8110717535018921,-2.178461790084839,0.5586239099502563,1.001001765807976,1484.6854248046875,00-0037257,David Bell
z_mu[316],-0.931678295135498,0.7193722128868103,-0.931801974773407,-1.6513437032699585,-0.21148183941841125,1.0010016728496618,1091.0396728515625,00-0037261,Khalil Shakir
z_mu[317],0.8900046348571777,0.12329327315092087,0.8895106315612793,0.7657709121704102,1.0140178203582764,1.0010282931369168,191.40594482421875,00-0037272,Montrell Washington
z_mu[318],-0.3844307065010071,0.36410772800445557,-0.3858439028263092,-0.7497254610061646,-0.018911179155111313,1.0010075561797658,423.95428466796875,00-0037273,Kyle Philips
z_mu[319],1.3267464637756348,0.4062974154949188,1.3265372514724731,0.9194554090499878,1.7348828315734863,1.0010050224321045,583.0858154296875,00-0037291,Jalen Nailor
z_mu[320],0.23261414468288422,0.13936136662960052,0.23291076719760895,0.09198935329914093,0.37304505705833435,1.0010284624239976,193.1738739013672,00-0037300,Mike Woods
z_mu[321],-0.5359489917755127,0.47909900546073914,-0.5372734665870667,-1.0160603523254395,-0.05448884516954422,1.0010105056808283,391.8375244140625,00-0037348,Tanner Conner
z_mu[322],-0.4858279228210449,1.0222232341766357,-0.4858570098876953,-1.5085117816925049,0.5366365909576416,1.001001263884915,1858.7149658203125,00-0037355,Braylon Sanders
z_mu[323],0.798839807510376,0.5550022125244141,0.7980046272277832,0.24347785115242004,1.356379747390747,1.0010043102044137,833.8447265625,00-0037382,Brandon Johnson
z_mu[324],-0.6249210834503174,0.19222904741764069,-0.624574601650238,-0.8178579211235046,-0.4314362108707428,1.001013014762086,278.18353271484375,00-0037387,Jalen Virgil
z_mu[325],-0.6237518191337585,0.043078694492578506,-0.6245585083961487,-0.6674608588218689,-0.5790575742721558,1.0013659450479178,90.28410339355469,00-0037420,Kwamie Lassiter
z_mu[326],0.5981060862541199,0.5341851115226746,0.598581850528717,0.060539547353982925,1.1346794366836548,1.0010130144777107,555.9039306640625,00-0037422,Kendric Pryor
z_mu[327],0.0075402529910206795,0.21217182278633118,0.0076549723744392395,-0.2054903656244278,0.22033992409706116,1.0010058138235913,433.943115234375,00-0037487,Deven Thompkins
z_mu[328],-0.06224711611866951,0.7304125428199768,-0.06177040934562683,-0.7937617301940918,0.66855788230896,1.0010022102821694,846.637451171875,00-0037524,Tay Martin
z_mu[329],1.3362950086593628,0.09345372021198273,1.3364222049713135,1.2416648864746094,1.430540680885315,1.0010490631513065,149.001708984375,00-0037545,Rashid Shaheed
z_mu[330],-0.09171608835458755,0.16802901029586792,-0.09123334288597107,-0.2610470652580261,0.07729151844978333,1.0010197674239119,319.9512634277344,00-0037570,Dennis Houston
z_mu[331],-0.7732570767402649,0.041386086493730545,-0.7728189826011658,-0.8157908916473389,-0.7313172817230225,1.0012108788918181,92.04576873779297,00-0037614,John Metchie III
z_mu[332],0.5961014628410339,0.0998264029622078,0.5957815647125244,0.4936099946498871,0.6978344321250916,1.0011477594595781,104.2195053100586,00-0037664,Alec Pierce
z_mu[333],0.6714576482772827,0.07787744700908661,0.6725157499313354,0.5916339755058289,0.7504875659942627,1.001179804025199,108.65840911865234,00-0037666,Jalen Tolbert
z_mu[334],-0.16995269060134888,0.8270453214645386,-0.169109046459198,-0.9981514811515808,0.6572824716567993,1.0010017321378355,1179.2698974609375,00-0037708,Maurice Alexander
z_mu[335],0.3409009873867035,0.8268742561340332,0.339751660823822,-0.48660948872566223,1.1702558994293213,1.0010035460785904,875.4940795898438,00-0037740,Garrett Wilson
z_mu[336],-0.10515724867582321,0.7489538788795471,-0.10445699095726013,-0.8549909591674805,0.6444005370140076,1.0010021142254204,860.9263305664062,00-0037741,Jahan Dotson
z_mu[337],0.18514493107795715,0.6611427664756775,0.1859666258096695,-0.47792431712150574,0.8476319313049316,1.0010043620632583,768.645263671875,00-0037742,Treylon Burks
z_mu[338],-0.2896323800086975,0.5626633763313293,-0.29023969173431396,-0.8527694940567017,0.27335456013679504,1.00100175712241,1073.18994140625,00-0037745,Velus Jones
z_mu[339],0.41164880990982056,0.008151635527610779,0.410647451877594,0.40235453844070435,0.4211365282535553,1.0128163862657105,12.03686809539795,00-0037801,Kavontae Turpin
z_mu[340],0.23514187335968018,0.33222854137420654,0.23525190353393555,-0.09881637245416641,0.5680384635925293,1.001006644543992,375.568359375,00-0037816,Romeo Doubs
z_mu[341],1.4011939764022827,0.25056663155555725,1.4013264179229736,1.147705078125,1.6529113054275513,1.001028004150064,296.8103332519531,00-0037828,Danny Gray
z_mu[342],0.6479974985122681,0.22290684282779694,0.6480036973953247,0.42407310009002686,0.8723503947257996,1.0010139908179565,352.1735534667969,00-0037837,Calvin Austin III
z_mu[343],-0.05924907326698303,0.5716285705566406,-0.05832183361053467,-0.6320724487304688,0.5129802227020264,1.0010027895183093,1032.7130126953125,00-0038090,Skyy Moore
z_mu[344],-1.3305021524429321,1.18833327293396,-1.3293559551239014,-2.5192031860351562,-0.1419873684644699,1.0010013354458782,1938.7965087890625,00-0038092,Erik Ezukanma
z_mu[345],0.7057695388793945,0.8607650399208069,0.7055018544197083,-0.15581220388412476,1.5675508975982666,1.001002127649518,986.60205078125,00-0038104,Tyquan Thornton
z_mu[346],0.13760405778884888,0.2958906590938568,0.13695324957370758,-0.15912163257598877,0.4345038831233978,1.0010066875588148,556.3700561523438,00-0038117,Wan'Dale Robinson
z_mu[347],0.9137840867042542,0.2862609326839447,0.9138815402984619,0.626765787601471,1.2007540464401245,1.001004419297616,511.2287292480469,00-0038124,Christian Watson
z_mu[348],0.6272745728492737,0.7094686031341553,0.6272809505462646,-0.08298279345035553,1.3372151851654053,1.0010019451531598,1258.215576171875,00-0038147,Daylen Baldwin
z_mu[349],-0.5922425985336304,0.12768292427062988,-0.592833399772644,-0.7206665873527527,-0.46316203474998474,1.001036464041193,155.07254028320312,00-0038149,Josh Ali
z_mu[350],0.04839823395013809,0.7253621220588684,0.04832214117050171,-0.6790052652359009,0.7749624848365784,1.0010033126324962,1017.9658203125,00-0038359,Xavier Smith
z_mu[351],-0.6673253178596497,0.04451417177915573,-0.6674315929412842,-0.7128055095672607,-0.622125506401062,1.0011186275636021,92.58695220947266,00-0038393,Dontayvion Wicks
z_mu[352],-0.3867822587490082,0.2261144071817398,-0.38699501752853394,-0.6139392852783203,-0.1595497578382492,1.0010103777623964,338.7606201171875,00-0038465,Malik Heath
z_mu[353],0.8316097259521484,0.923090398311615,0.8324233293533325,-0.09303803741931915,1.754931092262268,1.001001848111016,1117.05224609375,00-0038477,Bryce Ford-Wheaton
z_mu[354],-0.24933362007141113,0.9772474765777588,-0.2499980926513672,-1.2271188497543335,0.7283466458320618,1.001001347152307,1712.1197509765625,00-0038492,Jason Brownlee
z_mu[355],-0.4711097478866577,0.31012964248657227,-0.47092926502227783,-0.7818080186843872,-0.15979385375976562,1.001005351141709,519.2045288085938,00-0038496,Xavier Gipson
z_mu[356],-0.41509267687797546,0.10716834664344788,-0.4149506390094757,-0.5232104063034058,-0.30712029337882996,1.0010212709551882,242.90411376953125,00-0038507,Grant DuBose
z_mu[357],0.26483118534088135,0.6347605586051941,0.2657051682472229,-0.37155765295028687,0.9000436067581177,1.0010031674375945,895.2269897460938,00-0038519,Nikko Remigio
z_mu[358],1.2136280536651611,0.8670687079429626,1.2136577367782593,0.34536126255989075,2.0815086364746094,1.001001736072159,1378.4013671875,00-0038543,Jaxon Smith-Njigba
z_mu[359],0.22294533252716064,0.34902626276016235,0.22147908806800842,-0.12708579003810883,0.5742273926734924,1.0010139090859713,360.3605651855469,00-0038544,Quentin Johnston
z_mu[360],-0.43193918466567993,0.7033088803291321,-0.43108245730400085,-1.1365594863891602,0.27151674032211304,1.0010020380582239,990.6558227539062,00-0038559,Michael Wilson
z_mu[361],-0.059149086475372314,1.238769292831421,-0.057591021060943604,-1.299769401550293,1.1803722381591797,1.0010023079684933,1082.803466796875,00-0038563,Tre Tucker
z_mu[362],0.05612604320049286,0.23399925231933594,0.056024469435214996,-0.17875227332115173,0.2907780408859253,1.0010056749466574,447.3468017578125,00-0038573,Derius Davis
z_mu[363],-0.7238977551460266,1.399116039276123,-0.7236635684967041,-2.1233367919921875,0.6756801009178162,1.0010012005022795,2210.161865234375,00-0038576,Charlie Jones
z_mu[364],-0.2521495521068573,0.07192996144294739,-0.2520269751548767,-0.3246365189552307,-0.17929579317569733,1.0010471397141778,132.59817504882812,00-0038606,Parker Washington
z_mu[365],-0.5417049527168274,0.21384431421756744,-0.5431009531021118,-0.7564529776573181,-0.3261324167251587,1.0010251769651664,231.15216064453125,00-0038608,Kayshon Boutte
z_mu[366],-0.3470730185508728,1.045926809310913,-0.34685197472572327,-1.393598198890686,0.6994838714599609,1.0010014532772682,1695.77197265625,00-0038612,A.T. Perry
z_mu[367],1.2521021366119385,0.213180810213089,1.2526472806930542,1.037664771080017,1.4672417640686035,1.0010194450273133,218.1873321533203,00-0038618,Xavier Hutchinson
z_mu[368],0.2935613989830017,0.08683066070079803,0.29412734508514404,0.20594032108783722,0.3818003237247467,1.0010661293595442,130.82766723632812,00-0038619,Andrei Iosivas
z_mu[369],1.684090256690979,0.37187662720680237,1.6848640441894531,1.3106461763381958,2.0567896366119385,1.0010078933314361,609.8592529296875,00-0038621,Demario Douglas
z_mu[370],0.535276472568512,0.4712487757205963,0.5348929166793823,0.06279958784580231,1.0082920789718628,1.0010054542320408,777.5270385742188,00-0038627,Antoine Green
z_mu[371],-0.11584797501564026,0.7314153909683228,-0.11519283056259155,-0.8491064310073853,0.6167881488800049,1.0010029699581358,842.7236938476562,00-0038632,Colton Dowell
z_mu[372],-0.06338193267583847,0.3476952910423279,-0.06327235698699951,-0.41172677278518677,0.2851247191429138,1.0010033889592986,649.89013671875,00-0038640,Jalen Brooks
z_mu[373],0.16494078934192657,0.9978894591331482,0.16519451141357422,-0.8335649371147156,1.1636431217193604,1.0010016010117617,1210.343994140625,00-0038647,Ronnie Bell
z_mu[374],-0.5483925342559814,0.5745603442192078,-0.548444926738739,-1.1246416568756104,0.02734587900340557,1.0010040180132935,738.216064453125,00-0038667,Elijah Cooks
z_mu[375],-1.731069564819336,0.18009506165981293,-1.7298998832702637,-1.913116693496704,-1.5494825839996338,1.0010362847545713,231.66506958007812,00-0038679,Tyrell Shavers
z_mu[376],0.4175613224506378,0.27154073119163513,0.41741955280303955,0.14488115906715393,0.6897007822990417,1.0010060042083904,450.3708801269531,00-0038728,Jared Wayne
z_mu[377],-0.5428732633590698,0.08164490014314651,-0.5439205765724182,-0.6263874769210815,-0.4594741761684418,1.0012046213135104,80.63373565673828,00-0038752,Jake Bobo
z_mu[378],-1.4413743019104004,1.2800921201705933,-1.4408241510391235,-2.722928285598755,-0.1611969918012619,1.001001576322362,1744.0472412109375,00-0038821,Rakim Jarrett
z_mu[379],0.49122491478919983,0.12567278742790222,0.49124908447265625,0.3652740716934204,0.618381679058075,1.001020098905546,251.20843505859375,00-0038824,Ryan Miller
z_mu[380],-0.48661401867866516,0.33513277769088745,-0.48733431100845337,-0.8222804069519043,-0.14843934774398804,1.0010119182124675,441.33148193359375,00-0038840,Brycen Tremayne
z_mu[381],-0.5471846461296082,0.5894086956977844,-0.547184407711029,-1.1381052732467651,0.04477955400943756,1.0010060551171112,541.542236328125,00-0038891,Shedrick Jackson
z_mu[382],-0.9981525540351868,1.1055052280426025,-0.999008297920227,-2.104275941848755,0.10864118486642838,1.0010018096675666,1550.3450927734375,00-0038911,Malik Cunningham
z_mu[383],-0.7383700609207153,0.6656709313392639,-0.737281322479248,-1.405773639678955,-0.07185936719179153,1.0010041038674489,754.4326782226562,00-0038938,Jalin Hyatt
z_mu[384],-0.6145827174186707,1.5602734088897705,-0.614964485168457,-2.175483226776123,0.9456840753555298,1.0010011809036028,2698.71240234375,00-0038941,Tyler Scott
z_mu[385],0.27350863814353943,0.8183927536010742,0.2738034725189209,-0.5455062985420227,1.09319007396698,1.0010017164328513,1209.219970703125,00-0038976,Marvin Mims Jr.
z_mu[386],0.845609724521637,0.381600946187973,0.8461539149284363,0.46221572160720825,1.227813482284546,1.0010059734477377,491.4720458984375,00-0038977,Tank Dell
z_mu[387],-0.17201216518878937,0.06785482913255692,-0.17158019542694092,-0.24090397357940674,-0.10258638858795166,1.0011403264727488,116.74358367919922,00-0038979,Cedric Tillman
z_mu[388],-0.33805885910987854,0.4896034896373749,-0.3370489478111267,-0.8287992477416992,0.1523737907409668,1.0010044871617878,639.2411499023438,00-0038994,Jordan Addison
z_mu[389],-1.0884757041931152,0.5299805998802185,-1.0887086391448975,-1.6189123392105103,-0.5579380989074707,1.0010020778295434,906.09521484375,00-0038997,Josh Downs
z_mu[390],-0.22290478646755219,1.125970482826233,-0.2230921983718872,-1.3492730855941772,0.9044682383537292,1.0010016344133417,2243.792724609375,00-0039052,Trey Palmer
z_mu[391],-0.7103809714317322,0.3475925326347351,-0.7098267078399658,-1.058571696281433,-0.36228442192077637,1.0010025453737181,768.5723266601562,00-0039062,Jonathan Mingo
z_mu[392],0.43850308656692505,0.036913517862558365,0.43899595737457275,0.40045779943466187,0.47628340125083923,1.001377690246752,68.90727996826172,00-0039064,Zay Flowers
z_mu[393],-0.6154419779777527,0.8047087788581848,-0.616073727607727,-1.4217944145202637,0.1911357194185257,1.0010032323957998,1103.0128173828125,00-0039067,Rashee Rice
z_mu[394],-0.24565739929676056,0.6268881559371948,-0.2458087056875229,-0.8737034201622009,0.3818000853061676,1.0010023837710598,993.312255859375,00-0039075,Puka Nacua
z_mu[395],1.3710670471191406,0.5295920372009277,1.371585488319397,0.8409954309463501,1.9016400575637817,1.0010032089767886,738.7548828125,00-0039146,Jayden Reed
z_mu[396],0.8534782528877258,0.4725337326526642,0.8532570004463196,0.3802832067012787,1.326983094215393,1.0010026083038908,783.4149780273438,00-0039236,Johnny Wilson
z_mu[397],0.349184513092041,0.6971775889396667,0.3491623103618622,-0.34859418869018555,1.0475544929504395,1.0010027713945782,802.1697998046875,00-0039337,Malik Nabers
z_mu[398],0.6159868240356445,0.4887220561504364,0.615803062915802,0.12616616487503052,1.1059901714324951,1.0010058042521701,611.0693969726562,00-0039342,Xavier Legette
z_mu[399],-0.3908911943435669,0.05509748309850693,-0.38991662859916687,-0.44768407940864563,-0.334401935338974,1.0014038263094536,59.435691833496094,00-0039355,Luke McCaffrey
z_mu[400],-0.8267179727554321,0.5351464748382568,-0.8269525170326233,-1.3625686168670654,-0.2907695770263672,1.001002276111513,1106.492431640625,00-0039365,Jacob Cowing
z_mu[401],-1.587650179862976,0.9547735452651978,-1.5878676176071167,-2.5424916744232178,-0.6324594616889954,1.0010012589661512,1799.3018798828125,00-0039379,Jamari Thrash
z_mu[402],-0.14307691156864166,0.8210360407829285,-0.1431432068347931,-0.9656161069869995,0.6783174276351929,1.0010017571440504,1386.69921875,00-0039386,Bub Means
z_mu[403],0.2108292132616043,0.39790311455726624,0.21027874946594238,-0.18806253373622894,0.6092982292175293,1.001003977290848,554.560302734375,00-0039392,Jha'Quan Jackson
z_mu[404],0.8073949217796326,0.9796790480613708,0.8074179291725159,-0.17268899083137512,1.7872419357299805,1.001001264092454,1845.1064453125,00-0039394,Casey Washington
z_mu[405],0.21575528383255005,1.1419391632080078,0.21601569652557373,-0.9271551966667175,1.3582724332809448,1.0010014222980803,1686.885986328125,00-0039410,Ryan Flournoy
z_mu[406],0.14699527621269226,0.022150268778204918,0.14723548293113708,0.12403393536806107,0.16967977583408356,1.0013123407184585,51.84206771850586,00-0039424,Devaughn Vele
z_mu[407],1.0490164756774902,0.12920551002025604,1.049216866493225,0.9171019792556763,1.1790103912353516,1.0010618990022437,130.0146484375,00-0039451,Isaiah Williams
z_mu[408],0.5057345628738403,0.15322162210941315,0.5051615238189697,0.3518995940685272,0.6596431732177734,1.001012309047737,278.62835693359375,00-0039491,Jalen Coker
z_mu[409],1.1831355094909668,0.04763159155845642,1.182772159576416,1.1347366571426392,1.2319804430007935,1.001211639682757,80.82720184326172,00-0039521,Xavier Weaver
z_mu[410],-0.5559905767440796,0.1291254460811615,-0.5555493831634521,-0.6866439580917358,-0.4262813329696655,1.0010312184505448,175.45506286621094,00-0039543,Ramel Keyton
z_mu[411],-0.7032551169395447,0.2947854995727539,-0.7026193141937256,-0.9986847043037415,-0.40776312351226807,1.0010050367761547,523.8477783203125,00-0039589,Kameron Johnson
z_mu[412],0.47580957412719727,0.6223009824752808,0.4761476516723633,-0.1475895792245865,1.099242091178894,1.0010027952845657,808.0591430664062,00-0039614,Jermaine Jackson
z_mu[413],-0.08077971637248993,0.7524150013923645,-0.08073818683624268,-0.8357157111167908,0.6738437414169312,1.0010058839100302,736.00244140625,00-0039623,Mason Tipton
z_mu[414],-0.3113439083099365,0.07540898770093918,-0.31186437606811523,-0.3878445029258728,-0.23425541818141937,1.0011615526496578,107.7513198852539,00-0039650,Bryce Oliver
z_mu[415],0.42792999744415283,0.44391345977783203,0.4273180067539215,-0.01675581745803356,0.8731916546821594,1.0010038722105747,760.2658081054688,00-0039747,Ainias Smith
z_mu[416],-1.3713566064834595,0.9150696992874146,-1.3707818984985352,-2.2871084213256836,-0.4558424949645996,1.0010014474436266,1351.8309326171875,00-0039751,Jordan Whittington
z_mu[417],0.8494199514389038,0.8433430194854736,0.8495358228683472,0.005283471662551165,1.6933693885803223,1.0010019146304159,1069.5399169921875,00-0039792,Devontez Walker
z_mu[418],0.6551721096038818,0.3864525258541107,0.6549138426780701,0.2676767110824585,1.0424641370773315,1.0010043665671502,526.353271484375,00-0039810,Jermaine Burton
z_mu[419],0.8634617328643799,0.318256139755249,0.863518476486206,0.5437232255935669,1.1830735206604004,1.0010106730626778,348.7396240234375,00-0039816,Anthony Gould
z_mu[420],-0.29881551861763,0.5901761651039124,-0.2981887757778168,-0.890163004398346,0.2917068898677826,1.001002244428235,845.1766967773438,00-0039849,Marvin Harrison
z_mu[421],0.6321370005607605,0.5644984245300293,0.631744384765625,0.06654109060764313,1.1978449821472168,1.0010029399267122,916.310546875,00-0039853,Javon Baker
z_mu[422],0.04070749506354332,0.24831458926200867,0.04062444716691971,-0.20807507634162903,0.28999897837638855,1.0010058390104593,413.7911376953125,00-0039855,Jalen McMillan
z_mu[423],-0.7232202291488647,0.12009646743535995,-0.7250105142593384,-0.8441725373268127,-0.6009126901626587,1.0011162577711405,118.48114776611328,00-0039868,Troy Franklin
z_mu[424],-0.9189284443855286,0.15500877797603607,-0.9186910390853882,-1.0753573179244995,-0.7627624273300171,1.0010350519517222,163.974609375,00-0039880,Malik Washington
z_mu[425],-1.2796612977981567,0.1512894481420517,-1.2786743640899658,-1.4326807260513306,-1.1279140710830688,1.0010333553665582,246.2509002685547,00-0039890,Adonai Mitchell
z_mu[426],0.19518622756004333,1.0188549757003784,0.19522199034690857,-0.8237573504447937,1.2147220373153687,1.0010012830227832,2540.935791015625,00-0039893,Brian Thomas
z_mu[427],-1.4311777353286743,0.8200263381004333,-1.4315783977508545,-2.2522504329681396,-0.610181450843811,1.0010022447322549,998.6489868164062,00-0039894,Xavier Worthy
z_mu[428],-0.472076416015625,0.47408854961395264,-0.4719955623149872,-0.946786105632782,0.003030134830623865,1.0010027431413488,820.7716674804688,00-0039901,Keon Coleman
z_mu[429],0.48602014780044556,1.2532092332839966,0.48564252257347107,-0.7672167420387268,1.7400107383728027,1.0010012886780868,2500.556884765625,00-0039907,Ja'Lynn Polk
z_mu[430],-0.7397189140319824,1.4890183210372925,-0.7397489547729492,-2.2295401096343994,0.7507064938545227,1.0010013702631162,1773.8516845703125,00-0039915,Ladd McConkey
z_mu[431],1.1116626262664795,0.07195334136486053,1.111284613609314,1.0384550094604492,1.1846038103103638,1.0010960996954623,97.34902954101562,00-0039916,Ricky Pearsall
z_mu[432],-0.7228331565856934,0.14748436212539673,-0.7220941185951233,-0.8712912201881409,-0.5745549201965332,1.0010288839618868,209.72616577148438,00-0039919,Rome Odunze
z_mu[433],0.18407127261161804,0.15461373329162598,0.18438959121704102,0.027569996193051338,0.34107157588005066,1.001074055414237,178.22705078125,00-0039920,Malachi Corley
z_sigma[0],-0.967236340045929,0.15228676795959473,-0.9666669964790344,-1.12057626247406,-0.8131798505783081,1.001039084222199,208.77487182617188,00-0022921,Larry Fitzgerald
z_sigma[1],-0.7212285995483398,0.14503061771392822,-0.7210757732391357,-0.8678149580955505,-0.574455976486206,1.0010348755221066,165.86203002929688,00-0025396,Ted Ginn
z_sigma[2],-0.9838389158248901,0.14766187965869904,-0.9833993911743164,-1.1337916851043701,-0.835604190826416,1.0010378692733306,223.6776885986328,00-0026035,Danny Amendola
z_sigma[3],-0.4293183982372284,0.034085024148225784,-0.42959064245224,-0.46439841389656067,-0.3943961262702942,1.001320032658777,52.84372329711914,00-0026189,DeSean Jackson
z_sigma[4],0.5533945560455322,0.09613875299692154,0.5536990165710449,0.4561018645763397,0.6507045030593872,1.0010853522166758,139.90049743652344,00-0027150,Julian Edelman
z_sigma[5],0.3112694025039673,0.05504883825778961,0.3111056387424469,0.25470128655433655,0.3676646053791046,1.0012496396776536,96.25167083740234,00-0027685,Emmanuel Sanders
z_sigma[6],-1.0358730554580688,0.1482558697462082,-1.0360499620437622,-1.185217261314392,-0.8864732980728149,1.0010238826837297,226.41148376464844,00-0027691,Andre Roberts
z_sigma[7],-0.3070017993450165,0.42156538367271423,-0.30734291672706604,-0.7293103337287903,0.1157098188996315,1.001003584907928,576.2985229492188,00-0027793,Antonio Brown
z_sigma[8],-0.2187155932188034,0.2464219182729721,-0.21916751563549042,-0.46610936522483826,0.028887368738651276,1.0010093473739026,397.07403564453125,00-0027891,Golden Tate
z_sigma[9],0.6239008903503418,0.10262250900268555,0.6234599351882935,0.5204324126243591,0.7280734181404114,1.0010518508702853,178.06736755371094,00-0027902,Dez Bryant
z_sigma[10],0.8033981919288635,0.257438600063324,0.8036024570465088,0.545337975025177,1.0617196559906006,1.001006559842182,402.32373046875,00-0027942,A.J. Green
z_sigma[11],0.09575114399194717,0.25860702991485596,0.09545623511075974,-0.1641748547554016,0.35567009449005127,1.0010135185294762,422.58154296875,00-0027944,Julio Jones
z_sigma[12],0.007612468674778938,1.3375351428985596,0.007371425628662109,-1.3303247690200806,1.3452214002609253,1.0010011678675084,2859.683837890625,00-0028002,Randall Cobb
z_sigma[13],-0.22783416509628296,0.38489896059036255,-0.22745057940483093,-0.615863025188446,0.15906813740730286,1.0010153038503309,374.8905944824219,00-0028237,Chris Hogan
z_sigma[14],0.17892824113368988,0.12264188379049301,0.17874208092689514,0.055535268038511276,0.30230122804641724,1.0010194682828342,252.6649932861328,00-0028411,Dontrelle Inman
z_sigma[15],0.5087476372718811,0.087957464158535,0.5093545913696289,0.41949692368507385,0.5972750186920166,1.001062725432639,163.75411987304688,00-0029000,Cole Beasley
z_sigma[16],-0.6629183292388916,0.4176274240016937,-0.6627914905548096,-1.0816709995269775,-0.24465206265449524,1.0010035207994756,836.0443725585938,00-0029137,Alshon Jeffery
z_sigma[17],0.6421857476234436,1.2168694734573364,0.6419195532798767,-0.5748952627182007,1.8604475259780884,1.001001710950672,1867.8116455078125,00-0029269,Travis Benjamin
z_sigma[18],-0.7897481322288513,0.10942965000867844,-0.7898932695388794,-0.9020582437515259,-0.6792389750480652,1.0011056438132457,133.23545837402344,00-0029293,Marvin Jones
z_sigma[19],-0.6420366168022156,0.46967753767967224,-0.6419552564620972,-1.1133774518966675,-0.17031340301036835,1.0010079616361438,653.5997314453125,00-0029608,T.Y. Hilton
z_sigma[20],-0.8910067081451416,0.15701940655708313,-0.8908559083938599,-1.0490612983703613,-0.7330154180526733,1.0010144705231907,242.98907470703125,00-0029632,Mohamed Sanu
z_sigma[21],0.21691791713237762,0.208665668964386,0.21728213131427765,0.00627252459526062,0.4266626834869385,1.0010272686438908,283.98260498046875,00-0029664,Josh Gordon
z_sigma[22],1.2373077869415283,0.495113730430603,1.2361366748809814,0.7409840822219849,1.7344000339508057,1.0010064866996244,661.1976318359375,00-0030035,Adam Thielen
z_sigma[23],1.193230152130127,0.280674010515213,1.1941708326339722,0.9109148979187012,1.4745491743087769,1.0010085039014662,416.03607177734375,00-0030068,Marquise Goodwin
z_sigma[24],-0.5820253491401672,0.33861276507377625,-0.5824034810066223,-0.9221661686897278,-0.2421765923500061,1.0010074578292838,431.8882141113281,00-0030085,Kenny Stills
z_sigma[25],-0.36137986183166504,0.2365504503250122,-0.3604390323162079,-0.5995460152626038,-0.12356602400541306,1.0010179825641656,279.7166442871094,00-0030279,Keenan Allen
z_sigma[26],-0.20325081050395966,0.05095820873975754,-0.2042389214038849,-0.2557743787765503,-0.1505054384469986,1.0015578965607594,55.82881546020508,00-0030431,Robert Woods
z_sigma[27],-0.5041124224662781,0.2392066866159439,-0.5036262273788452,-0.745527982711792,-0.2636321187019348,1.0010179134857833,367.2342529296875,00-0030525,Tavon Austin
z_sigma[28],-0.8852611184120178,0.4178781807422638,-0.8847452998161316,-1.3041973114013672,-0.4656791388988495,1.0010057279921427,532.070068359375,00-0030564,DeAndre Hopkins
z_sigma[29],0.12095280736684799,0.28704968094825745,0.12105501443147659,-0.16701000928878784,0.409188449382782,1.00100776516849,425.754638671875,00-0030663,Willie Snead
z_sigma[30],1.8342865705490112,0.917280375957489,1.8342807292938232,0.9164313077926636,2.7516000270843506,1.001001246529582,1898.1580810546875,00-0030669,Albert Wilson
z_sigma[31],-0.5488094091415405,0.07915867865085602,-0.5488137006759644,-0.6287904977798462,-0.4683815538883209,1.0010793119475672,115.60317993164062,00-0030670,Bennie Fowler
z_sigma[32],-0.13868536055088043,0.12660284340381622,-0.13847756385803223,-0.2658785283565521,-0.010695543140172958,1.001027729023023,221.4833984375,00-0031051,John Brown
z_sigma[33],0.22437921166419983,0.2699660360813141,0.22430215775966644,-0.047605257481336594,0.49579980969429016,1.0010158264778943,353.6062316894531,00-0031166,Seth Roberts
z_sigma[34],-0.7075415253639221,0.3049902021884918,-0.708539605140686,-1.0132259130477905,-0.40154436230659485,1.001006106064443,593.7921142578125,00-0031235,Odell Beckham
z_sigma[35],-0.5569198131561279,0.33216342329978943,-0.5578573942184448,-0.8909452557563782,-0.22187037765979767,1.0010232671662251,357.6971740722656,00-0031236,Brandin Cooks
z_sigma[36],0.5193184018135071,1.0197803974151611,0.518616259098053,-0.5009338855743408,1.5408363342285156,1.0010021145304684,1335.3719482421875,00-0031319,Diontae Spencer
z_sigma[37],0.38068732619285583,0.00949927233159542,0.3808329105377197,0.36864322423934937,0.3915531635284424,1.0233973193123571,7.874127388000488,00-0031325,Sammy Watkins
z_sigma[38],0.11154630035161972,0.11329057067632675,0.11215322464704514,-0.003058081027120352,0.2264254093170166,1.0010702485498952,150.40452575683594,00-0031339,Donte Moncrief
z_sigma[39],0.852599024772644,0.1927441507577896,0.8533170223236084,0.6581545472145081,1.0458650588989258,1.0010162708010233,355.38494873046875,00-0031381,Davante Adams
z_sigma[40],1.117964267730713,0.9554792642593384,1.1199510097503662,0.1608978658914566,2.0743229389190674,1.0010026105702496,765.0548706054688,00-0031382,Jarvis Landry
z_sigma[41],0.5428385734558105,0.07672417908906937,0.5429583191871643,0.46378692984580994,0.6210066676139832,1.0011694791034857,95.13133239746094,00-0031408,Mike Evans
z_sigma[42],-0.1927822381258011,0.676335334777832,-0.19236618280410767,-0.8696202039718628,0.48481354117393494,1.0010020338119048,1190.8204345703125,00-0031428,Allen Robinson
z_sigma[43],0.1580633670091629,0.1968577355146408,0.15755291283130646,-0.03972238674759865,0.35602867603302,1.001017201062013,254.78469848632812,00-0031544,Amari Cooper
z_sigma[44],0.29182225465774536,0.8327375650405884,0.29211074113845825,-0.5421167016029358,1.1257951259613037,1.0010021637035105,1204.5989990234375,00-0031545,Kevin White
z_sigma[45],0.3921775817871094,0.2877819836139679,0.3927418887615204,0.10339660942554474,0.681311845779419,1.0010082050115487,408.32159423828125,00-0031547,DeVante Parker
z_sigma[46],-0.5457290410995483,0.27629318833351135,-0.5454905033111572,-0.823884904384613,-0.2683168351650238,1.0010143015986284,341.9076232910156,00-0031549,Nelson Agholor
z_sigma[47],-1.5470575094223022,0.12665507197380066,-1.5463309288024902,-1.6752164363861084,-1.419558048248291,1.0010453393357475,178.7288360595703,00-0031588,Stefon Diggs
z_sigma[48],0.8814816474914551,0.7301618456840515,0.8811162710189819,0.14973439276218414,1.613848090171814,1.0010034919978874,817.292724609375,00-0031763,DeAndre Carter
z_sigma[49],-0.44990840554237366,0.39846253395080566,-0.45016059279441833,-0.850178062915802,-0.049850597977638245,1.0010080606774112,570.5230712890625,00-0031787,Jake Kumerow
z_sigma[50],0.2852514386177063,0.1087571233510971,0.2850568890571594,0.17516419291496277,0.3948526978492737,1.0010375818966937,183.49974060058594,00-0031868,Damiere Byrd
z_sigma[51],-0.42884936928749084,0.4784262478351593,-0.4290749728679657,-0.9082858562469482,0.051034506410360336,1.0010039934922228,598.560546875,00-0031934,Devin Smith
z_sigma[52],1.1651397943496704,0.6065160036087036,1.1653521060943604,0.5580734014511108,1.7721271514892578,1.001001563185061,1312.0013427734375,00-0031941,Jamison Crowder
z_sigma[53],0.7353196740150452,0.36757680773735046,0.7362436652183533,0.36450308561325073,1.1038473844528198,1.0010119436995917,441.5673522949219,00-0032009,Adam Humphries
z_sigma[54],1.1910587549209595,0.5433201193809509,1.1912407875061035,0.6463274359703064,1.7365386486053467,1.001005554668043,646.5692138671875,00-0032054,Breshad Perriman
z_sigma[55],-0.5768701434135437,0.06839562952518463,-0.576837420463562,-0.6461438536643982,-0.5073144435882568,1.0010924955744012,104.14491271972656,00-0032128,Chris Conley
z_sigma[56],-0.2745317816734314,0.01867077685892582,-0.27467894554138184,-0.2944220304489136,-0.2552187144756317,1.0020534776445527,28.920852661132812,00-0032160,Tyrell Williams
z_sigma[57],-0.3458045423030853,0.43442201614379883,-0.3465818166732788,-0.7815586924552917,0.08959924429655075,1.0010050335632261,544.4814453125,00-0032200,Ty Montgomery
z_sigma[58],0.6601685285568237,0.1143108531832695,0.6597763895988464,0.5441139936447144,0.7755250334739685,1.0010572320419955,151.52023315429688,00-0032208,Phillip Dorsett
z_sigma[59],1.3087350130081177,0.9704794883728027,1.3091909885406494,0.3370610773563385,2.280050277709961,1.001002030348826,1299.365478515625,00-0032211,Tyler Lockett
z_sigma[60],0.8207626342773438,0.7232030630111694,0.8214045166969299,0.09643115103244781,1.5451706647872925,1.0010028157071653,741.7595825195312,00-0032355,Chester Rogers
z_sigma[61],-0.7196695804595947,0.2677602767944336,-0.72028648853302,-0.9879630208015442,-0.4509548246860504,1.001005272540737,570.8989868164062,00-0032385,Sterling Shepard
z_sigma[62],-0.07643628120422363,0.7218028903007507,-0.07676443457603455,-0.7986904978752136,0.6460604071617126,1.0010015507294656,1273.97802734375,00-0032398,Chris Moore
z_sigma[63],0.346027135848999,0.5188210010528564,0.34546804428100586,-0.17430539429187775,0.8663597106933594,1.0010072233326461,469.3848571777344,00-0032464,Kalif Raymond
z_sigma[64],0.40624624490737915,0.4382984936237335,0.4059406518936157,-0.03330228850245476,0.8460528254508972,1.0010061241595483,535.3140258789062,00-0032543,Alex Erickson
z_sigma[65],-0.30090540647506714,0.10201627761125565,-0.3010375201702118,-0.4044480323791504,-0.19727525115013123,1.0010830625397549,115.8225326538086,00-0032626,Geronimo Allison
z_sigma[66],-0.48655208945274353,0.5020677447319031,-0.4851647913455963,-0.9902856349945068,0.017255106940865517,1.0010057793655143,514.2579956054688,00-0032688,Robbie Chosen
z_sigma[67],-0.10005268454551697,0.16413576900959015,-0.1008700504899025,-0.2662583291530609,0.06733538955450058,1.0010860313380565,163.76885986328125,00-0032765,Michael Thomas
z_sigma[68],0.2864431142807007,0.3135073482990265,0.2861644923686981,-0.02841963618993759,0.602818489074707,1.0010141857929793,258.1326599121094,00-0032775,Demarcus Robinson
z_sigma[69],-1.0123246908187866,0.5110787749290466,-1.0125848054885864,-1.5243842601776123,-0.499817430973053,1.0010036840700702,622.453369140625,00-0032778,Tajae Sharpe
z_sigma[70],0.34802621603012085,0.327188640832901,0.3482360243797302,0.018863264471292496,0.6757854223251343,1.001006100452289,413.3934326171875,00-0032791,Jakeem Grant
z_sigma[71],0.7701243162155151,0.32052260637283325,0.7696261405944824,0.44858646392822266,1.0921236276626587,1.001006925251362,379.2413024902344,00-0032881,Tommylee Lewis
z_sigma[72],0.5969694256782532,1.121009349822998,0.5966466069221497,-0.524269163608551,1.7185367345809937,1.0010012906633026,1715.45703125,00-0032951,Laquon Treadwell
z_sigma[73],-0.15877142548561096,0.6792714595794678,-0.1598649024963379,-0.8390854001045227,0.521223783493042,1.001002411108009,1130.0341796875,00-0032977,Rashard Higgins
z_sigma[74],1.024450421333313,0.25197434425354004,1.0239897966384888,0.7714728116989136,1.2780781984329224,1.0010149560746389,362.8898620605469,00-0032980,Marcus Johnson
z_sigma[75],0.6309166550636292,0.6467412710189819,0.6305766105651855,-0.01608133502304554,1.2778784036636353,1.0010012990772863,1798.7147216796875,00-0033006,Jaydon Mickens
z_sigma[76],-1.7402985095977783,1.0764532089233398,-1.739739179611206,-2.8184401988983154,-0.6628627181053162,1.0010021577133792,1334.33740234375,00-0033009,Tyler Boyd
z_sigma[77],0.3107762038707733,0.00858484860509634,0.31102192401885986,0.3008577823638916,0.32060179114341736,1.0101355473333886,9.920513153076172,00-0033040,Tyreek Hill
z_sigma[78],0.6212266087532043,0.07609504461288452,0.6213957071304321,0.5443722009658813,0.6981714367866516,1.0010589484833452,124.76885223388672,00-0033094,Marvin Hall
z_sigma[79],-1.1034154891967773,0.5984294414520264,-1.1039059162139893,-1.702300786972046,-0.5041286945343018,1.0010022379484314,905.1874389648438,00-0033111,Pharoh Cooper
z_sigma[80],0.6423724293708801,0.3080652952194214,0.6423053741455078,0.3335760831832886,0.9524369239807129,1.0010098422310751,481.9681701660156,00-0033114,Mike Thomas
z_sigma[81],-1.7068454027175903,0.14074759185314178,-1.705960750579834,-1.8494973182678223,-1.564521074295044,1.0010522932218966,189.080078125,00-0033127,Will Fuller
z_sigma[82],-0.8470345139503479,0.7271149754524231,-0.8472500443458557,-1.5751595497131348,-0.1194474995136261,1.0010019297013617,1114.5234375,00-0033215,Cyril Grayson
z_sigma[83],-0.1523285210132599,0.012972850352525711,-0.15199792385101318,-0.16802978515625,-0.138332337141037,1.0104750752860685,16.64520263671875,00-0033251,Zach Pascal
z_sigma[84],-0.382701575756073,0.21674583852291107,-0.3829459547996521,-0.5999085307121277,-0.16497911512851715,1.001006628095789,421.2386169433594,00-0033266,JoJo Natson
z_sigma[85],0.3163374960422516,0.28097739815711975,0.3176250755786896,0.03184531629085541,0.5985547304153442,1.0010285828985905,253.24473571777344,00-0033282,Curtis Samuel
z_sigma[86],-0.5665014386177063,0.10608572512865067,-0.5661653280258179,-0.6739442944526672,-0.45938581228256226,1.0010560697520656,154.45953369140625,00-0033292,Trent Taylor
z_sigma[87],-0.2731664776802063,0.0742582455277443,-0.2725495994091034,-0.34866687655448914,-0.1980956494808197,1.0011003395504348,98.44557189941406,00-0033307,Kendrick Bourne
z_sigma[88],0.3794587254524231,0.8256860971450806,0.3796542286872864,-0.44676488637924194,1.20552396774292,1.0010014087058507,1741.1275634765625,00-0033367,C.J. Board
z_sigma[89],-0.4017447829246521,0.014444281347095966,-0.40206414461135864,-0.41719457507133484,-0.38657477498054504,1.0024835937483512,24.315824508666992,00-0033375,Tim Patrick
z_sigma[90],-1.0227664709091187,0.5686656832695007,-1.0229146480560303,-1.5919779539108276,-0.4531576633453369,1.0010021810024672,902.2031860351562,00-0033382,Austin Carr
z_sigma[91],-0.24756477773189545,0.41937199234962463,-0.2489735633134842,-0.667880117893219,0.17324595153331757,1.0010075104520837,448.3930969238281,00-0033386,Cody Hollister
z_sigma[92],0.4543209671974182,0.41705235838890076,0.45408332347869873,0.03585102781653404,0.8723235726356506,1.0010043726557976,548.5540771484375,00-0033460,John Ross
z_sigma[93],0.7127335667610168,0.6607664227485657,0.7123174071311951,0.051364485174417496,1.3749560117721558,1.001002635924613,954.3198852539062,00-0033466,Isaiah McKenzie
z_sigma[94],1.5963842868804932,0.3464483618736267,1.5965676307678223,1.2490653991699219,1.9440425634384155,1.0010048219482515,506.56640625,00-0033471,Isaiah Ford
z_sigma[95],-0.35990121960639954,0.20488595962524414,-0.3605743944644928,-0.5652547478675842,-0.1526280790567398,1.0010239386609925,280.4974365234375,00-0033474,Gehrig Dieter
z_sigma[96],-0.39413270354270935,0.24879471957683563,-0.39402642846107483,-0.6442471742630005,-0.14452625811100006,1.0010080143559807,410.7037658691406,00-0033481,Marcus Kemp
z_sigma[97],0.42960649728775024,0.38641220331192017,0.42919400334358215,0.0423816554248333,0.8164745569229126,1.0010024806841906,815.8838500976562,00-0033536,Mike Williams
z_sigma[98],-0.6925943493843079,1.2081407308578491,-0.6924546360969543,-1.9015278816223145,0.5158193111419678,1.0010013242790576,2071.73876953125,00-0033555,Mack Hollins
z_sigma[99],-0.33985042572021484,0.6877345442771912,-0.3393747806549072,-1.0296794176101685,0.3496748208999634,1.0010039056323246,836.8951416015625,00-0033572,Jamal Agnew
z_sigma[100],-1.8723115921020508,0.05982412397861481,-1.872326374053955,-1.93288254737854,-1.8116765022277832,1.0010708438650229,109.49615478515625,00-0033589,David Moore
z_sigma[101],0.5821565389633179,0.2638651430606842,0.5818482041358948,0.31763485074043274,0.8488117456436157,1.0010137296122255,325.1683349609375,00-0033591,Noah Brown
z_sigma[102],0.5128546357154846,0.42847421765327454,0.513919472694397,0.08288436383008957,0.9421101808547974,1.0010058795881354,519.636474609375,00-0033633,Tanner Gentry
z_sigma[103],-0.8521427512168884,1.0051498413085938,-0.852943480014801,-1.8596330881118774,0.1543918251991272,1.001002738955202,993.3573608398438,00-0033681,Keelan Cole
z_sigma[104],0.20380054414272308,0.597693145275116,0.20416386425495148,-0.3948233127593994,0.8022916913032532,1.0010023709860714,827.3876342773438,00-0033733,Greg Ward
z_sigma[105],0.2803923785686493,0.019160201773047447,0.2802903652191162,0.25963231921195984,0.3008127808570862,1.0024562188871369,31.720611572265625,00-0033839,Dede Westbrook
z_sigma[106],0.5688278675079346,1.6093088388442993,0.569110095500946,-1.0415549278259277,2.177926778793335,1.0010012065693084,3052.384033203125,00-0033840,Chad Hansen
z_sigma[107],-0.0503510944545269,1.7961410284042358,-0.051326632499694824,-1.8474656343460083,1.7472100257873535,1.0010016031824316,1906.5098876953125,00-0033857,JuJu Smith-Schuster
z_sigma[108],-0.6270082592964172,0.25319620966911316,-0.6263725161552429,-0.8822763562202454,-0.37194928526878357,1.0010267353882452,238.00845336914062,00-0033859,Josh Malone
z_sigma[109],0.3851887881755829,0.4997539520263672,0.38425201177597046,-0.11498308181762695,0.8864238262176514,1.0010044163342164,657.9119873046875,00-0033871,Corey Davis
z_sigma[110],-0.45969241857528687,0.8175208568572998,-0.4583290219306946,-1.2805410623550415,0.3584769368171692,1.0010040621646474,689.7178344726562,00-0033891,Zay Jones
z_sigma[111],-0.3113371729850769,0.8768280744552612,-0.3111177086830139,-1.1887531280517578,0.5657990574836731,1.0010013676789729,1615.0765380859375,00-0033908,Cooper Kupp
z_sigma[112],0.6713660955429077,0.7439665794372559,0.6720336079597473,-0.0738409236073494,1.4161235094070435,1.0010022993909862,1156.0147705078125,00-0033911,Taywan Taylor
z_sigma[113],-0.743721604347229,0.8086928725242615,-0.7440813779830933,-1.552565336227417,0.06597910076379776,1.0010015334288733,1573.655029296875,00-0033921,Chris Godwin
z_sigma[114],-0.14787748456001282,0.3984357714653015,-0.14750029146671295,-0.5467675924301147,0.25131115317344666,1.00100462482822,503.5147705078125,00-0033932,Kenny Golladay
z_sigma[115],-0.32891663908958435,1.2153602838516235,-0.3279990553855896,-1.5458108186721802,0.888041079044342,1.0010019745282492,1368.030029296875,00-0033943,Josh Reynolds
z_sigma[116],-0.47245079278945923,0.5160580277442932,-0.472223162651062,-0.9890379905700684,0.04435091093182564,1.0010025797230528,756.3260498046875,00-0033957,Rodney Adams
z_sigma[117],0.48667439818382263,0.13443432748317719,0.4870813190937042,0.3516274690628052,0.6218628287315369,1.0010141417405372,249.6842498779297,00-0034052,Brandon Zylstra
z_sigma[118],-0.176721453666687,0.09324156492948532,-0.1768154352903366,-0.2711065709590912,-0.0823565199971199,1.0010502074949337,172.3267059326172,00-0034054,River Cracraft
z_sigma[119],0.19926071166992188,0.3119487166404724,0.20018520951271057,-0.11491792649030685,0.5124795436859131,1.001017327994472,335.7684020996094,00-0034081,Steven Mitchell
z_sigma[120],-0.5660850405693054,0.8318139314651489,-0.566084623336792,-1.3984606266021729,0.26646339893341064,1.0010014961755627,1326.5098876953125,00-0034104,Cam Sims
z_sigma[121],-0.7089172005653381,0.9542617797851562,-0.7092760801315308,-1.6637166738510132,0.24581484496593475,1.001001381120931,1609.0277099609375,00-0034132,Christian Blake
z_sigma[122],-0.5602478981018066,0.35588154196739197,-0.5612217783927917,-0.9168649911880493,-0.2019929438829422,1.0010100543594087,509.8717041015625,00-0034207,Jeff Badet
z_sigma[123],0.49977606534957886,0.3877248466014862,0.4999679625034332,0.1102757528424263,0.8884971141815186,1.0010053626638111,481.4522705078125,00-0034267,Jaleel Scott
z_sigma[124],1.4786708354949951,0.5277227163314819,1.4788284301757812,0.9501640796661377,2.0072762966156006,1.0010030391752756,767.902587890625,00-0034272,Marquez Valdes-Scantling
z_sigma[125],-0.27575477957725525,0.10731279104948044,-0.2755962014198303,-0.38409000635147095,-0.1672302931547165,1.0010484933517538,133.07534790039062,00-0034273,Damion Ratley
z_sigma[126],-0.19900044798851013,0.7243701219558716,-0.19872021675109863,-0.9245469570159912,0.5259166955947876,1.001002353725858,999.6534423828125,00-0034279,Equanimeous St. Brown
z_sigma[127],-0.7399253249168396,1.3085168600082397,-0.7392594814300537,-2.0492632389068604,0.5692270994186401,1.0010014426116196,1509.281005859375,00-0034286,Richie James
z_sigma[128],-0.3455149531364441,0.5469950437545776,-0.34525200724601746,-0.8945237994194031,0.2025192528963089,1.0010041917662944,697.8663330078125,00-0034297,Byron Pringle
z_sigma[129],1.1305418014526367,0.36211133003234863,1.1303266286849976,0.7678137421607971,1.4935530424118042,1.0010037268027556,608.897216796875,00-0034309,Chad Beebe
z_sigma[130],-0.72701096534729,0.21421334147453308,-0.7274099588394165,-0.9419388771057129,-0.5116917490959167,1.0010087129347702,379.9934997558594,00-0034317,Keith Kirkwood
z_sigma[131],-1.036671757698059,1.1259377002716064,-1.0374163389205933,-2.1626720428466797,0.0897546112537384,1.0010012793694845,2101.252197265625,00-0034348,Courtland Sutton
z_sigma[132],0.06061824411153793,1.2562437057495117,0.0604935884475708,-1.1960937976837158,1.3175432682037354,1.0010014626165455,1631.990234375,00-0034353,Anthony Miller
z_sigma[133],0.49088481068611145,0.09150734543800354,0.4911261796951294,0.3980427384376526,0.5829682946205139,1.0010495885469788,147.3971405029297,00-0034366,Keke Coutee
z_sigma[134],0.9760950803756714,0.19141335785388947,0.9758548140525818,0.7832277417182922,1.1692705154418945,1.001025790382723,282.9280700683594,00-0034370,DaeSean Hamilton
z_sigma[135],-0.9426372647285461,0.44973698258399963,-0.9421626329421997,-1.3938848972320557,-0.491891086101532,1.001004515059284,540.8228759765625,00-0034386,Justin Watson
z_sigma[136],0.23855219781398773,0.8514357805252075,0.2392612099647522,-0.6148390769958496,1.0910570621490479,1.0010035538157303,1363.2252197265625,00-0034395,Daurice Fountain
z_sigma[137],0.9228017926216125,0.8203164339065552,0.9224584698677063,0.10214191675186157,1.7438424825668335,1.0010016977348704,1463.6485595703125,00-0034407,Ray-Ray McCloud
z_sigma[138],1.3367382287979126,0.8174341320991516,1.336369276046753,0.5190086364746094,2.155116081237793,1.0010015878467233,1217.5003662109375,00-0034411,Russell Gage
z_sigma[139],0.577500581741333,0.4220408797264099,0.5793905258178711,0.15195494890213013,1.0004082918167114,1.0010168135238047,420.4366455078125,00-0034418,Cedrick Wilson
z_sigma[140],-0.2602924406528473,0.5807990431785583,-0.2602967619895935,-0.8415395617485046,0.3211674094200134,1.0010018591092282,1219.7901611328125,00-0034419,Braxton Berrios
z_sigma[141],-0.5360884666442871,0.03566935658454895,-0.5350227952003479,-0.573347806930542,-0.4988704025745392,1.0019349130993942,39.69511032104492,00-0034426,Javon Wims
z_sigma[142],-1.0575941801071167,0.2712554335594177,-1.0574216842651367,-1.3307559490203857,-0.784795343875885,1.0010127448056583,305.4924621582031,00-0034487,Trent Sherfield
z_sigma[143],0.027307521551847458,0.30884239077568054,0.027442052960395813,-0.28313031792640686,0.33659178018569946,1.0010049937126084,490.4324645996094,00-0034510,Robert Foster
z_sigma[144],0.5095937252044678,0.9181531667709351,0.5087104439735413,-0.40970996022224426,1.4290767908096313,1.0010024382519143,1036.958251953125,00-0034521,Allen Lazard
z_sigma[145],-0.9123021960258484,0.43967050313949585,-0.9120947122573853,-1.3533236980438232,-0.4718128740787506,1.0010031018585939,671.9132080078125,00-0034631,Vyncint Smith
z_sigma[146],-0.3824979364871979,0.4499512016773224,-0.382381409406662,-0.8331085443496704,0.06812386959791183,1.0010027185637305,806.6922607421875,00-0034646,Brandon Powell
z_sigma[147],0.6864396929740906,0.6106536984443665,0.6862561702728271,0.0751008614897728,1.297745704650879,1.0010021846270996,953.1728515625,00-0034652,Cameron Batson
z_sigma[148],-0.5747658610343933,1.1190123558044434,-0.5752644538879395,-1.6948654651641846,0.5454416275024414,1.0010017278709702,1355.6939697265625,00-0034653,Deontay Burnett
z_sigma[149],-1.5252978801727295,0.17908433079719543,-1.5251069068908691,-1.7059879302978516,-1.3448437452316284,1.0010309120633534,201.18374633789062,00-0034660,Rico Gafford
z_sigma[150],-0.834678590297699,0.6457312107086182,-0.8326550722122192,-1.4830788373947144,-0.1878390610218048,1.0010067321357181,583.0285034179688,00-0034676,James Washington
z_sigma[151],0.9057899117469788,0.3445737063884735,0.9060956239700317,0.560120701789856,1.2512564659118652,1.0010046754629642,564.2625732421875,00-0034686,Auden Tate
z_sigma[152],0.7541822791099548,0.977293848991394,0.7544068098068237,-0.22375905513763428,1.7322955131530762,1.0010014492479022,1563.4412841796875,00-0034764,Michael Gallup
z_sigma[153],0.3883892893791199,0.10790738463401794,0.3886070251464844,0.2790302634239197,0.4972274601459503,1.0010472718706298,141.7970733642578,00-0034765,Tre'Quan Smith
z_sigma[154],-0.048206765204668045,0.5844553709030151,-0.04845026135444641,-0.6338652968406677,0.5374234318733215,1.0010028224836143,766.2894897460938,00-0034772,Antonio Callaway
z_sigma[155],-1.1482187509536743,1.0016288757324219,-1.1481945514678955,-2.151386022567749,-0.14571276307106018,1.0010018368935125,1361.197509765625,00-0034775,Christian Kirk
z_sigma[156],-0.9176177978515625,0.367535799741745,-0.9182589054107666,-1.2860636711120605,-0.5482514500617981,1.001009091493318,514.3685913085938,00-0034777,D.J. Chark
z_sigma[157],0.9624192714691162,0.9716857671737671,0.9622459411621094,-0.009534135460853577,1.9345831871032715,1.0010013137005298,1604.4537353515625,00-0034827,D.J. Moore
z_sigma[158],0.8987182378768921,0.036497000604867935,0.8985698223114014,0.8614889979362488,0.9368746876716614,1.0014089610654138,46.02524185180664,00-0034837,Calvin Ridley
z_sigma[159],0.1204187273979187,0.09009162336587906,0.12046284973621368,0.02911531738936901,0.2114977389574051,1.001054282139225,136.20257568359375,00-0034854,KhaDarel Hodge
z_sigma[160],-0.7616230249404907,0.46763309836387634,-0.7605756521224976,-1.2319986820220947,-0.2925899922847748,1.001008195947791,601.4161376953125,00-0034860,Dante Pettis
z_sigma[161],-0.526491641998291,0.6172653436660767,-0.5269550085067749,-1.1448248624801636,0.09142665565013885,1.0010021445386383,873.6754760742188,00-0034867,Malik Turner
z_sigma[162],0.42488208413124084,0.6071728467941284,0.42483437061309814,-0.18308356404304504,1.032507061958313,1.0010018659115774,1157.780517578125,00-0034928,Steven Sims
z_sigma[163],0.8724672198295593,0.8692200183868408,0.8721965551376343,0.003109266050159931,1.7424174547195435,1.0010014320265843,1480.791259765625,00-0034930,Trinity Benson
z_sigma[164],-0.14005985856056213,0.04055394232273102,-0.13937555253505707,-0.1827375888824463,-0.0989232286810875,1.001467747010749,43.88776779174805,00-0034960,Jakobi Meyers
z_sigma[165],-0.614221453666687,0.5998201966285706,-0.6116421222686768,-1.217233419418335,-0.013917752541601658,1.0010103572724893,631.7982788085938,00-0034983,Hunter Renfrow
z_sigma[166],-0.5579272508621216,0.27471479773521423,-0.5582699179649353,-0.8331000208854675,-0.28281712532043457,1.0010037040470585,547.4232177734375,00-0035006,Olabisi Johnson
z_sigma[167],-0.3879391849040985,0.385121613740921,-0.38633298873901367,-0.774544894695282,-0.002057539764791727,1.001006140668356,608.813232421875,00-0035021,Ashton Dulin
z_sigma[168],-1.0818500518798828,0.617944061756134,-1.081864356994629,-1.7003263235092163,-0.4629678726196289,1.001002275199291,920.2113037109375,00-0035022,Penny Hart
z_sigma[169],-0.6570028066635132,0.4818209707736969,-0.6564226150512695,-1.1401735544204712,-0.1745060384273529,1.0010040820893424,811.8638916015625,00-0035045,D.J. Montgomery
z_sigma[170],0.1003626361489296,0.46140965819358826,0.09945529699325562,-0.3621973991394043,0.5636088848114014,1.0010058792896022,432.86285400390625,00-0035101,Davion Davis
z_sigma[171],-0.311369389295578,0.2706303894519806,-0.3118215799331665,-0.5827599763870239,-0.03987806290388107,1.0010054570057911,427.1501159667969,00-0035120,Keelan Doss
z_sigma[172],-0.23516635596752167,0.6114422678947449,-0.23492752015590668,-0.8473662734031677,0.3767186999320984,1.0010019120151308,1260.32666015625,00-0035126,Antoine Wesley
z_sigma[173],-0.8005678057670593,0.9140174388885498,-0.8013781309127808,-1.7153010368347168,0.11413633823394775,1.001001626529084,1401.7335205078125,00-0035140,Mecole Hardman
z_sigma[174],1.284708857536316,0.8227154612541199,1.2851642370224,0.46063676476478577,2.1084649562835693,1.0010024810319464,1085.6353759765625,00-0035164,Cody Thompson
z_sigma[175],-0.10835245251655579,0.17297029495239258,-0.10855183005332947,-0.2820092439651489,0.06546331942081451,1.0010102428901524,300.0781555175781,00-0035181,Darrius Shepherd
z_sigma[176],-0.573172390460968,0.35524243116378784,-0.5730864405632019,-0.9293995499610901,-0.21742120385169983,1.001002863815878,647.672607421875,00-0035208,Olamide Zaccheaus
z_sigma[177],1.3913397789001465,0.18065284192562103,1.3911151885986328,1.2100558280944824,1.5729767084121704,1.001011213902948,291.22308349609375,00-0035215,Deonte Harty
z_sigma[178],-0.6037750244140625,0.3882328271865845,-0.6036357879638672,-0.9938911199569702,-0.2147599309682846,1.0010076432168995,510.26220703125,00-0035216,Diontae Johnson
z_sigma[179],-0.20190051198005676,0.01980181597173214,-0.2013668715953827,-0.22306564450263977,-0.18152375519275665,1.0018203144206717,34.184539794921875,00-0035246,J.J. Arcega-Whiteside
z_sigma[180],-0.6907222867012024,0.9631524085998535,-0.6898822784423828,-1.654994010925293,0.27249598503112793,1.0010015744209144,1499.0162353515625,00-0035287,KeeSean Johnson
z_sigma[181],-0.2550823390483856,0.25643599033355713,-0.25535061955451965,-0.5124292969703674,0.002448714803904295,1.0010072534319865,374.56671142578125,00-0035298,Scott Miller
z_sigma[182],-0.33938032388687134,0.15157939493656158,-0.33931344747543335,-0.4920378029346466,-0.1864681839942932,1.0010287611720663,241.49708557128906,00-0035313,Terry Godwin
z_sigma[183],1.1625820398330688,0.7366231083869934,1.1622211933135986,0.42555248737335205,1.9029738903045654,1.0010047679582272,702.1681518554688,00-0035341,Trenton Irwin
z_sigma[184],1.1408017873764038,0.6144459843635559,1.1411516666412354,0.5259159207344055,1.7559400796890259,1.001001895461844,1072.6451416015625,00-0035350,Preston Williams
z_sigma[185],-0.6056455969810486,0.07069731503725052,-0.6048097610473633,-0.6788888573646545,-0.5333971381187439,1.0013624841974547,102.5738754272461,00-0035359,David Sills
z_sigma[186],0.46556493639945984,0.021088313311338425,0.4656200110912323,0.44361746311187744,0.4875475764274597,1.0017313053411292,34.187461853027344,00-0035399,Stanley Morgan
z_sigma[187],0.7674133777618408,1.1183042526245117,0.768829882144928,-0.35265445709228516,1.8856126070022583,1.0010017531300774,1386.14111328125,00-0035406,Lil'Jordan Humphrey
z_sigma[188],-0.08877842128276825,0.3529052138328552,-0.08881698548793793,-0.4429823160171509,0.26518508791923523,1.0010053128338599,465.2960205078125,00-0035414,Jalen Guyton
z_sigma[189],-0.4145663380622864,0.02764931693673134,-0.4155837297439575,-0.44343408942222595,-0.385710209608078,1.001855910687764,38.99692916870117,00-0035432,Jason Moore
z_sigma[190],0.2068932056427002,0.19237522780895233,0.20711800456047058,0.013558628037571907,0.39973294734954834,1.00100811261458,414.3584899902344,00-0035457,Tyron Johnson
z_sigma[191],0.5554294586181641,0.9982540011405945,0.5561690330505371,-0.4437839090824127,1.5548073053359985,1.0010018965955185,1136.8643798828125,00-0035480,Malik Taylor
z_sigma[192],-1.016283631324768,0.12194909155368805,-1.0164257287979126,-1.1393542289733887,-0.8935535550117493,1.0010266163426216,222.83740234375,00-0035500,Greg Dortch
z_sigma[193],-0.09870825707912445,0.5348050594329834,-0.09881722927093506,-0.6340469121932983,0.4366610050201416,1.0010019199952216,1166.5465087890625,00-0035510,Jeff Smith
z_sigma[194],-0.1574060171842575,0.08479095250368118,-0.15682393312454224,-0.24341623485088348,-0.07167572528123856,1.0010835280551589,102.61344909667969,00-0035527,Andy Isabella
z_sigma[195],0.0446755513548851,0.22379247844219208,0.04380383342504501,-0.18023349344730377,0.26954326033592224,1.0010161722194544,276.0639953613281,00-0035529,Hakeem Butler
z_sigma[196],-0.9348503351211548,0.3834967613220215,-0.9341219067573547,-1.3199833631515503,-0.5506184101104736,1.001005899591043,604.744384765625,00-0035535,Darius Slayton
z_sigma[197],-0.20727059245109558,1.0918750762939453,-0.20727059245109558,-1.2993568181991577,0.8850495219230652,1.0010012025503994,2429.391845703125,00-0035544,Tom Kennedy
z_sigma[198],-0.37142300605773926,0.17595644295215607,-0.3716292977333069,-0.5482779145240784,-0.19460324943065643,1.0010131783197254,255.18722534179688,00-0035590,Riley Ridley
z_sigma[199],-0.20482821762561798,0.38564532995224,-0.20574283599853516,-0.5921237468719482,0.18180817365646362,1.0010067091119326,555.0174560546875,00-0035592,Travis Fulgham
z_sigma[200],-0.4454345405101776,0.1535167098045349,-0.44500070810317993,-0.5997529029846191,-0.2912180423736572,1.0010165699975055,234.0604705810547,00-0035593,Juwann Winfree
z_sigma[201],0.16309037804603577,0.4179575443267822,0.16222457587718964,-0.25572144985198975,0.5823519825935364,1.0010049664949292,555.7868041992188,00-0035602,Alex Bachman
z_sigma[202],0.41075509786605835,0.029209503903985023,0.4113937020301819,0.3797735273838043,0.4406205117702484,1.0017030358611765,64.91725158691406,00-0035621,Nsimba Webster
z_sigma[203],-1.160703182220459,0.11489508301019669,-1.1605274677276611,-1.2773319482803345,-1.0450042486190796,1.0010522285119037,169.37652587890625,00-0035624,N'Keal Harry
z_sigma[204],-0.28776639699935913,1.0562247037887573,-0.28816336393356323,-1.3444033861160278,0.7690654397010803,1.0010014351636072,1835.6043701171875,00-0035639,Parris Campbell
z_sigma[205],0.2291712909936905,1.1926337480545044,0.2295236587524414,-0.9637670516967773,1.421866774559021,1.0010011896319468,2127.547119140625,00-0035640,DK Metcalf
z_sigma[206],0.42920389771461487,0.7319194078445435,0.4295194745063782,-0.3042742908000946,1.1620934009552002,1.001002509828092,966.576416015625,00-0035645,Gunner Olszewski
z_sigma[207],-0.06533580273389816,0.3600624203681946,-0.06585092842578888,-0.4263216555118561,0.295393168926239,1.0010035925616385,660.8256225585938,00-0035659,Terry McLaurin
z_sigma[208],0.5502551198005676,0.2992793917655945,0.5498352646827698,0.25011855363845825,0.8509217500686646,1.0010085341588495,329.3599548339844,00-0035662,Marquise Brown
z_sigma[209],0.24491320550441742,0.476461797952652,0.2448020875453949,-0.23245228826999664,0.7226608395576477,1.0010040465395855,530.3192138671875,00-0035676,A.J. Brown
z_sigma[210],-0.953423261642456,0.7893379926681519,-0.9536892175674438,-1.7429524660110474,-0.16352756321430206,1.0010018243217693,1013.0369262695312,00-0035703,Miles Boykin
z_sigma[211],-0.531393826007843,0.7776068449020386,-0.5324434041976929,-1.310295820236206,0.24861496686935425,1.0010038559330177,954.2005004882812,00-0035719,Deebo Samuel
z_sigma[212],-0.02919027768075466,1.4928193092346191,-0.0285111665725708,-1.5229439735412598,1.4637017250061035,1.0010013518637422,2941.86328125,00-0035844,Kirk Merritt
z_sigma[213],-0.29786086082458496,0.004878814797848463,-0.29698219895362854,-0.3037637174129486,-0.2924579977989197,1.027738029291126,5.792564868927002,00-0035848,DeMichael Harris
z_sigma[214],-0.18210186064243317,0.606265664100647,-0.1807207316160202,-0.7896689176559448,0.42460283637046814,1.0010029282962578,740.8915405273438,00-0035864,Kendall Hinton
z_sigma[215],-0.5916448831558228,0.1319064050912857,-0.5916750431060791,-0.7261642217636108,-0.45804405212402344,1.0010854956293485,139.0790252685547,00-0035869,Austin Mack
z_sigma[216],-0.25612542033195496,1.131750464439392,-0.2571743428707123,-1.3902758359909058,0.8773163557052612,1.001002726672917,1109.685791015625,00-0035876,Andre Baccellia
z_sigma[217],0.8200578689575195,0.19222868978977203,0.8201199173927307,0.6264758706092834,1.0128631591796875,1.0010105834572887,299.3750915527344,00-0035883,Maurice Ffrench
z_sigma[218],0.07642597705125809,0.15008004009723663,0.07673284411430359,-0.07455647736787796,0.22724010050296783,1.0010130479297827,303.8340759277344,00-0035891,Cody White
z_sigma[219],-0.26520708203315735,0.6863691210746765,-0.26553478837013245,-0.9525208473205566,0.42434871196746826,1.0010049135015078,821.8257446289062,00-0035934,Trishton Jackson
z_sigma[220],0.18809515237808228,1.8984637260437012,0.18808329105377197,-1.7105622291564941,2.0879714488983154,1.0010012503058987,2725.43017578125,00-0035976,Dan Chisena
z_sigma[221],0.34074708819389343,0.08681272715330124,0.3412310481071472,0.2524977922439575,0.42924830317497253,1.001108982200928,93.66781616210938,00-0036080,Easop Winston
z_sigma[222],0.47633859515190125,0.6939777731895447,0.4765056371688843,-0.21865376830101013,1.1708537340164185,1.0010018004854602,1181.01416015625,00-0036100,Isaiah Zuber
z_sigma[223],-1.0693937540054321,0.8368382453918457,-1.0694507360458374,-1.9067330360412598,-0.23224107921123505,1.0010014442850161,1475.3262939453125,00-0036110,Ja'Marcus Bradley
z_sigma[224],-0.34637972712516785,0.6573108434677124,-0.3462270498275757,-1.0043528079986572,0.31154167652130127,1.0010017248040792,1378.8533935546875,00-0036133,James Proche
z_sigma[225],0.9742252826690674,0.43915289640426636,0.9747477769851685,0.5335909128189087,1.4141420125961304,1.001003988542032,799.3450317382812,00-0036142,Isaiah Wright
z_sigma[226],0.8271236419677734,0.2527477443218231,0.8269652724266052,0.5733447670936584,1.0805240869522095,1.0010075317874416,477.4405517578125,00-0036165,Isaiah Hodgins
z_sigma[227],-0.7997422218322754,1.0944658517837524,-0.8001657724380493,-1.894399642944336,0.29631227254867554,1.0010016966510609,1357.620849609375,00-0036176,Mason Kinsey
z_sigma[228],-0.11472422629594803,0.6942542791366577,-0.11468279361724854,-0.8100162744522095,0.5801242589950562,1.0010019545296585,1327.69189453125,00-0036182,Nick Westbrook-Ikhine
z_sigma[229],1.022532343864441,0.1262947916984558,1.022986888885498,0.8950334191322327,1.1493393182754517,1.0010171193240758,254.66830444335938,00-0036183,Kristian Wilkerson
z_sigma[230],-0.4591889977455139,0.8382377624511719,-0.45917659997940063,-1.2980122566223145,0.3800109326839447,1.0010016532232622,1359.242431640625,00-0036196,Gabe Davis
z_sigma[231],0.4705638289451599,1.8658851385116577,0.4706531763076782,-1.395399808883667,2.336329936981201,1.0010010905564668,3500.3115234375,00-0036219,Marquez Callaway
z_sigma[232],0.031940631568431854,0.7869664430618286,0.031841814517974854,-0.7554963827133179,0.8197885155677795,1.0010015944801205,1240.10986328125,00-0036228,Dezmon Patmon
z_sigma[233],-0.6180204749107361,0.32246133685112,-0.6171579360961914,-0.941616415977478,-0.2948589026927948,1.0010076752998933,424.1094055175781,00-0036233,Donovan Peoples-Jones
z_sigma[234],0.9488392472267151,0.5715368390083313,0.9488812685012817,0.3766862452030182,1.520928144454956,1.0010018058177732,1079.0819091796875,00-0036247,Freddie Swain
z_sigma[235],0.1326790601015091,0.6232556700706482,0.13324269652366638,-0.49238041043281555,0.7566214203834534,1.0010034838627606,969.7191162109375,00-0036252,Michael Pittman
z_sigma[236],-0.5028587579727173,1.0324974060058594,-0.5035997629165649,-1.5358396768569946,0.5303282737731934,1.0010014139851864,1475.51708984375,00-0036254,Collin Johnson
z_sigma[237],-0.23003078997135162,0.34271326661109924,-0.2305656373500824,-0.5732704401016235,0.11351446807384491,1.0010048585139122,466.0411376953125,00-0036255,Denzel Mims
z_sigma[238],0.39358001947402954,1.5420641899108887,0.3933572769165039,-1.1495587825775146,1.9370052814483643,1.0010014710682835,1994.609130859375,00-0036259,Jauan Jennings
z_sigma[239],-0.02142164669930935,0.5272924304008484,-0.02134186029434204,-0.5496512651443481,0.5062645673751831,1.001002163415995,1127.66748046875,00-0036261,Brandon Aiyuk
z_sigma[240],-0.47383496165275574,0.48824945092201233,-0.4738517701625824,-0.9627176523208618,0.015416271053254604,1.0010028811240186,811.9888305664062,00-0036268,Laviska Shenault Jr.
z_sigma[241],-0.11104025691747665,0.011492790654301643,-0.11124446988105774,-0.12379641085863113,-0.0980396568775177,1.0070080376715342,20.83838653564453,00-0036271,Quez Watkins
z_sigma[242],0.3911217451095581,0.6948119401931763,0.39137887954711914,-0.3041633069515228,1.086683750152588,1.0010017052229088,1275.1861572265625,00-0036277,Quintez Cephus
z_sigma[243],-0.4214358925819397,1.1378028392791748,-0.4223571717739105,-1.5595026016235352,0.7183469533920288,1.0010017278189274,1422.59228515625,00-0036308,Isaiah Coulter
z_sigma[244],-0.8309118151664734,0.17791830003261566,-0.8304911255836487,-1.0104396343231201,-0.6519654393196106,1.0010254410372403,303.00079345703125,00-0036309,Darnell Mooney
z_sigma[245],1.0076937675476074,0.833956241607666,1.0073001384735107,0.1729465126991272,1.8423359394073486,1.0010020390198562,937.8629150390625,00-0036322,Justin Jefferson
z_sigma[246],-0.13866743445396423,0.32529398798942566,-0.1391720473766327,-0.4645814299583435,0.18933992087841034,1.0010137328022093,527.7813720703125,00-0036326,Chase Claypool
z_sigma[247],0.9153616428375244,0.29633113741874695,0.9165578484535217,0.6174617409706116,1.212264895439148,1.0010103190369701,309.1851501464844,00-0036331,Devin Duvernay
z_sigma[248],0.35226261615753174,1.159876823425293,0.3513534963130951,-0.8076080679893494,1.5127450227737427,1.001001279383742,1713.07373046875,00-0036340,Antonio Gandy-Golden
z_sigma[249],-0.3393910527229309,0.7959895133972168,-0.3412618339061737,-1.135634183883667,0.45783910155296326,1.0010029697769536,745.9559936523438,00-0036345,K.J. Osborn
z_sigma[250],0.6105736494064331,0.23682096600532532,0.6100192070007324,0.3727543354034424,0.8486891388893127,1.0010111273599287,361.4293518066406,00-0036357,Henry Ruggs
z_sigma[251],-1.0344479084014893,0.14786183834075928,-1.0359411239624023,-1.1830799579620361,-0.8848655223846436,1.0010367586118738,273.99981689453125,00-0036358,CeeDee Lamb
z_sigma[252],0.3154323995113373,0.8557908535003662,0.31647154688835144,-0.5412766337394714,1.1722599267959595,1.0010020706855736,1128.7576904296875,00-0036364,Lynn Bowden
z_sigma[253],0.3668505847454071,0.23361650109291077,0.3667389154434204,0.13261760771274567,0.6012316942214966,1.0010057039374205,409.614501953125,00-0036365,Bryan Edwards
z_sigma[254],-0.8138113617897034,0.9710726141929626,-0.8135709166526794,-1.7865911722183228,0.15789294242858887,1.001001923736908,1269.90869140625,00-0036377,Joe Reed
z_sigma[255],0.44081443548202515,0.22785791754722595,0.4405246078968048,0.212166428565979,0.6700665950775146,1.001010987438324,311.5369567871094,00-0036382,K.J. Hill
z_sigma[256],-0.9072415828704834,0.042419277131557465,-0.9067535400390625,-0.9509744048118591,-0.8641815781593323,1.0012749013860736,68.56041717529297,00-0036387,Jalen Reagor
z_sigma[257],0.042165156453847885,0.3964073359966278,0.04236094653606415,-0.35488373041152954,0.4393298029899597,1.0010029879784825,693.4790649414062,00-0036398,John Hightower
z_sigma[258],-0.06622499972581863,0.6566994190216064,-0.06560930609703064,-0.7240784168243408,0.5909707546234131,1.0010025761348293,1104.68408203125,00-0036407,Jerry Jeudy
z_sigma[259],0.7939026355743408,0.12716418504714966,0.7935565710067749,0.6653949022293091,0.9227216243743896,1.00105513040927,136.8607635498047,00-0036410,Tee Higgins
z_sigma[260],-0.45784351229667664,0.35502001643180847,-0.4579263925552368,-0.8139239549636841,-0.10209602862596512,1.0010039170450995,613.0292358398438,00-0036412,K.J. Hamler
z_sigma[261],0.5233347415924072,0.08140785992145538,0.5222617387771606,0.4412807524204254,0.6062578558921814,1.0011424391091028,95.96135711669922,00-0036415,Van Jefferson
z_sigma[262],-0.8181912899017334,0.041726309806108475,-0.8183106780052185,-0.8618313074111938,-0.7752923965454102,1.0015905424907874,58.668766021728516,00-0036427,Tyler Johnson
z_sigma[263],0.9034989476203918,1.4042505025863647,0.9035706520080566,-0.5010190606117249,2.3079864978790283,1.0010011515649029,2756.28955078125,00-0036439,Tyrie Cleveland
z_sigma[264],-0.009212754666805267,0.3749704658985138,-0.0089682936668396,-0.3847655653953552,0.366228312253952,1.0010024270648545,742.6932983398438,00-0036463,Chris Blair
z_sigma[265],0.31990817189216614,0.4078826606273651,0.3190179765224457,-0.0885932669043541,0.7287488579750061,1.0010037694899767,617.2080688476562,00-0036482,Mike Strachan
z_sigma[266],0.2590053975582123,0.049417704343795776,0.2582859992980957,0.20869684219360352,0.3092731535434723,1.001168214201761,72.16310119628906,00-0036491,Tarik Black
z_sigma[267],-0.9180241823196411,0.0035805783700197935,-0.918954610824585,-0.9222796559333801,-0.9130117893218994,1.0902769140249462,4.1529645919799805,00-0036497,Tim Jones
z_sigma[268],0.37582698464393616,0.1810455322265625,0.3750322759151459,0.19398309290409088,0.5580647587776184,1.0010219307564754,266.2355041503906,00-0036527,D.J. Turner
z_sigma[269],-1.0698890686035156,0.10523967444896698,-1.0696743726730347,-1.1761047840118408,-0.9638091921806335,1.0010307407187164,192.31854248046875,00-0036550,Rashod Bateman
z_sigma[270],-0.6539132595062256,0.07100345939397812,-0.6538304090499878,-0.7260215878486633,-0.5824429392814636,1.0010611165023042,137.07659912109375,00-0036554,Nico Collins
z_sigma[271],-0.3063795268535614,0.30404654145240784,-0.3080560266971588,-0.6105232834815979,0.00018721864034887403,1.001018128696631,503.0006103515625,00-0036572,Shi Smith
z_sigma[272],-0.9700491428375244,0.7069817781448364,-0.9702273011207581,-1.677644968032837,-0.2615680992603302,1.001002801267111,824.8927001953125,00-0036613,Jaylen Waddle
z_sigma[273],0.04142442345619202,0.6735771894454956,0.04171711206436157,-0.6329596638679504,0.7161766290664673,1.0010024407798315,1028.1763916015625,00-0036620,D'Wayne Eskridge
z_sigma[274],-0.3960804045200348,0.9458140730857849,-0.3957030475139618,-1.342654824256897,0.5504056215286255,1.0010015428566092,1373.3067626953125,00-0036626,Dyami Brown
z_sigma[275],-0.621329665184021,0.5781299471855164,-0.6206539273262024,-1.2004514932632446,-0.04286613315343857,1.001002107658266,937.5482788085938,00-0036627,Dez Fitzpatrick
z_sigma[276],-0.0216925498098135,0.4593241512775421,-0.021662458777427673,-0.48201578855514526,0.4388670027256012,1.0010043492856857,699.176025390625,00-0036630,Tylan Wallace
z_sigma[277],-0.1468096673488617,0.9732446670532227,-0.14536446332931519,-1.1213207244873047,0.8266022801399231,1.0010019019455274,1124.3480224609375,00-0036635,Ihmir Smith-Marsette
z_sigma[278],0.27927571535110474,0.31436482071876526,0.28011563420295715,-0.03653118014335632,0.5946610569953918,1.0010095408697206,433.9637145996094,00-0036646,Simi Fehoko
z_sigma[279],0.7503917217254639,0.34201085567474365,0.7497313022613525,0.4070221185684204,1.0933501720428467,1.001006553505225,460.8223571777344,00-0036652,Racey McMath
z_sigma[280],0.6381614208221436,0.26488587260246277,0.6381502747535706,0.3727650046348572,0.9038810729980469,1.0010043409508163,542.9871215820312,00-0036657,Seth Williams
z_sigma[281],-0.8019992113113403,0.9439118504524231,-0.8025702834129333,-1.7462327480316162,0.14269016683101654,1.001001458758568,1540.64404296875,00-0036671,Dax Milne
z_sigma[282],-0.3821134865283966,0.28266167640686035,-0.38174954056739807,-0.6663236021995544,-0.0984962210059166,1.0010098677088184,366.2781982421875,00-0036810,Cade Johnson
z_sigma[283],0.342866986989975,0.3365386724472046,0.34191063046455383,0.00546545023098588,0.6807414293289185,1.001007412220252,353.0972595214844,00-0036841,Austin Trammell
z_sigma[284],-0.586001992225647,0.07915075868368149,-0.5865484476089478,-0.6658439040184021,-0.505926251411438,1.0010692271037682,132.06454467773438,00-0036849,Tutu Atwell
z_sigma[285],-1.0925447940826416,0.25155338644981384,-1.0921947956085205,-1.3450559377670288,-0.8404064178466797,1.0010051489999996,491.677490234375,00-0036858,Jalen Camp
z_sigma[286],-1.1878728866577148,0.4114333689212799,-1.1877577304840088,-1.5999618768692017,-0.7759845852851868,1.0010024563704871,814.08544921875,00-0036862,Ben Skowronek
z_sigma[287],-0.7382434606552124,0.395504355430603,-0.7386101484298706,-1.1348508596420288,-0.3414084315299988,1.0010041851907436,574.166748046875,00-0036877,Jaelon Darden
z_sigma[288],-0.4455215334892273,0.05687804892659187,-0.4454672634601593,-0.5035723447799683,-0.3877466022968292,1.0012824770374067,61.60691452026367,00-0036900,Ja'Marr Chase
z_sigma[289],-0.6474587321281433,0.329319566488266,-0.6473641395568848,-0.9780400991439819,-0.31749585270881653,1.001005409183282,470.64373779296875,00-0036907,Dazz Newsome
z_sigma[290],-0.14204983413219452,0.260210782289505,-0.14256136119365692,-0.40306705236434937,0.11930716037750244,1.0010079093985849,499.8424072265625,00-0036910,C.J. Saunders
z_sigma[291],-0.6778514981269836,0.18690596520900726,-0.6791349649429321,-0.8664765357971191,-0.48870396614074707,1.0010389543118967,223.27767944335938,00-0036912,DeVonta Smith
z_sigma[292],0.626952588558197,0.2775643765926361,0.6277796030044556,0.3481864929199219,0.905288815498352,1.0010071139671939,375.3898620605469,00-0036913,Kadarius Toney
z_sigma[293],1.255448579788208,0.8688317537307739,1.2555075883865356,0.38483014702796936,2.1245782375335693,1.0010017741230706,1163.1812744140625,00-0036918,Jacob Harris
z_sigma[294],0.7238240838050842,1.2457419633865356,0.7237578630447388,-0.5228807330131531,1.9697926044464111,1.0010012746917718,2347.546630859375,00-0036936,Rondale Moore
z_sigma[295],0.9241850972175598,0.7400467991828918,0.923976480960846,0.18307264149188995,1.6649010181427002,1.0010019339149785,1346.4002685546875,00-0036951,Frank Darby
z_sigma[296],-0.07693326473236084,0.2510016858577728,-0.07814916968345642,-0.3286575973033905,0.17481833696365356,1.0010063315594122,423.5414123535156,00-0036955,Terrace Marshall
z_sigma[297],-0.0011852099560201168,0.8080477714538574,-0.000324934720993042,-0.8118033409118652,0.8085976839065552,1.001006128430385,742.8020629882812,00-0036959,Michael Bandy
z_sigma[298],0.7470880150794983,0.34058645367622375,0.7468191981315613,0.40604180097579956,1.0882899761199951,1.0010028248637008,667.8724975585938,00-0036963,Amon-Ra St. Brown
z_sigma[299],-0.786008894443512,0.4281761050224304,-0.7860044240951538,-1.2156933546066284,-0.3561006486415863,1.001006201583573,752.1064453125,00-0036980,Elijah Moore
z_sigma[300],-0.487552672624588,0.43358075618743896,-0.4865872859954834,-0.9225943684577942,-0.05286188796162605,1.0010068110171273,422.1224365234375,00-0036988,Josh Palmer
z_sigma[301],0.6811095476150513,0.04053344205021858,0.6806372404098511,0.639592707157135,0.723271906375885,1.00145539477361,44.204689025878906,00-0036991,Amari Rodgers
z_sigma[302],-0.6161631941795349,0.6402834057807922,-0.6169440150260925,-1.2573176622390747,0.02596011385321617,1.001003330726784,1277.00439453125,00-0036999,Anthony Schwartz
z_sigma[303],-0.29696235060691833,0.2865726947784424,-0.29593923687934875,-0.5851708650588989,-0.008751644752919674,1.0010231922862383,283.3807067871094,00-0037055,Lance McCutcheon
z_sigma[304],-1.6525362730026245,0.11518477648496628,-1.651780366897583,-1.770102620124817,-1.5364035367965698,1.0010658876324263,151.41355895996094,00-0037091,Bo Melton
z_sigma[305],-1.7895221710205078,0.21060360968112946,-1.7893409729003906,-2.00108003616333,-1.5777063369750977,1.001018926071929,283.3934326171875,00-0037093,Dareke Young
z_sigma[306],-0.149322047829628,1.3577978610992432,-0.14958220720291138,-1.507545828819275,1.2092030048370361,1.001001311621152,2163.261474609375,00-0037098,Samori Toure
z_sigma[307],-0.6640742421150208,1.3696258068084717,-0.6652721166610718,-2.03438401222229,0.7063177824020386,1.001001507637362,1428.5772705078125,00-0037132,Britain Covey
z_sigma[308],-0.7597295641899109,1.417057752609253,-0.7599310874938965,-2.1770029067993164,0.6575103402137756,1.0010011629269855,2634.71533203125,00-0037156,Irvin Charles
z_sigma[309],0.0509788952767849,0.44999393820762634,0.05204905569553375,-0.4009331464767456,0.5016690492630005,1.0010061607010357,733.0328369140625,00-0037216,Justyn Ross
z_sigma[310],0.14518025517463684,0.7814012169837952,0.1450546681880951,-0.6365309953689575,0.9272973537445068,1.0010016257174739,1151.1895751953125,00-0037231,Kevin Austin
z_sigma[311],0.3936942219734192,0.441640168428421,0.39391469955444336,-0.04839017987251282,0.8366707563400269,1.0010033907469094,772.0197143554688,00-0037238,Drake London
z_sigma[312],0.34254249930381775,0.006868736818432808,0.34227997064590454,0.3350365161895752,0.35046324133872986,1.007340034098204,14.874198913574219,00-0037239,Chris Olave
z_sigma[313],-0.1398598998785019,0.5376821756362915,-0.14012689888477325,-0.6780716776847839,0.3983871340751648,1.0010019248151658,952.501220703125,00-0037240,Jameson Williams
z_sigma[314],-0.6545479893684387,0.194246307015419,-0.6545954942703247,-0.8492457866668701,-0.4595099687576294,1.0010076707491289,376.49981689453125,00-0037247,George Pickens
z_sigma[315],-1.3312958478927612,0.5783442258834839,-1.3324031829833984,-1.910068154335022,-0.7517058849334717,1.001003494045684,682.3599853515625,00-0037257,David Bell
z_sigma[316],0.337401419878006,0.5877445340156555,0.3369060456752777,-0.25112637877464294,0.9254830479621887,1.0010018643712164,1004.7681884765625,00-0037261,Khalil Shakir
z_sigma[317],1.520381212234497,0.27700701355934143,1.5200252532958984,1.2425551414489746,1.7981642484664917,1.0010073742493368,379.0272521972656,00-0037272,Montrell Washington
z_sigma[318],-0.16730640828609467,0.9257376194000244,-0.16651737689971924,-1.0962730646133423,0.7585710287094116,1.001002425570893,1071.298583984375,00-0037273,Kyle Philips
z_sigma[319],-0.26553061604499817,0.3848411440849304,-0.26628541946411133,-0.651580810546875,0.12144140154123306,1.001007710272815,510.5265808105469,00-0037291,Jalen Nailor
z_sigma[320],0.2145780324935913,0.8855275511741638,0.21478056907653809,-0.6724823117256165,1.100962519645691,1.0010024421921344,1023.5435180664062,00-0037300,Mike Woods
z_sigma[321],-1.147674798965454,0.0022067988757044077,-1.1473467350006104,-1.1507532596588135,-1.1447079181671143,1.1133859891608864,3.18475604057312,00-0037348,Tanner Conner
z_sigma[322],0.06829418241977692,0.34321847558021545,0.06781060993671417,-0.275648295879364,0.412625789642334,1.0010046090706706,671.2598876953125,00-0037355,Braylon Sanders
z_sigma[323],0.8892425298690796,0.11545607447624207,0.8891685009002686,0.7727853059768677,1.006239414215088,1.0010503278610752,150.30848693847656,00-0037382,Brandon Johnson
z_sigma[324],-0.56761234998703,0.060008808970451355,-0.567729115486145,-0.6284044981002808,-0.5063146352767944,1.0011060395978595,97.66126251220703,00-0037387,Jalen Virgil
z_sigma[325],0.017761992290616035,0.22280456125736237,0.017347194254398346,-0.2058102935552597,0.24214814603328705,1.001013462900031,353.4886169433594,00-0037420,Kwamie Lassiter
z_sigma[326],-0.801551342010498,0.27865639328956604,-0.8015390038490295,-1.0809122323989868,-0.5213544964790344,1.0010075280951518,402.7479553222656,00-0037422,Kendric Pryor
z_sigma[327],-0.4470970630645752,0.27252286672592163,-0.4473569393157959,-0.7206754684448242,-0.17288292944431305,1.0010114360766351,362.3587951660156,00-0037487,Deven Thompkins
z_sigma[328],0.14098213613033295,0.09329758584499359,0.14173759520053864,0.04506532847881317,0.23617857694625854,1.001271370218141,108.02510070800781,00-0037524,Tay Martin
z_sigma[329],0.21338564157485962,1.0202569961547852,0.21288007497787476,-0.8078104257583618,1.2338056564331055,1.0010014475803812,1475.8626708984375,00-0037545,Rashid Shaheed
z_sigma[330],-0.9949519634246826,0.9699162244796753,-0.9958916306495667,-1.9668285846710205,-0.02362552471458912,1.0010029174265922,882.9898681640625,00-0037570,Dennis Houston
z_sigma[331],0.10678095370531082,0.15845097601413727,0.10662311315536499,-0.05379313603043556,0.26766225695610046,1.0010545066446461,164.58485412597656,00-0037614,John Metchie III
z_sigma[332],0.8027732372283936,0.4307144582271576,0.8025027513504028,0.37098345160484314,1.234480857849121,1.001004077118037,519.16015625,00-0037664,Alec Pierce
z_sigma[333],0.2152480036020279,0.25107771158218384,0.21527397632598877,-0.03708730638027191,0.4674845039844513,1.0010124818231096,316.55267333984375,00-0037666,Jalen Tolbert
z_sigma[334],-0.37895628809928894,0.38196682929992676,-0.3777986764907837,-0.7632541060447693,0.003650237340480089,1.0010101739589543,531.581787109375,00-0037708,Maurice Alexander
z_sigma[335],-0.369493693113327,0.4739690124988556,-0.3695453405380249,-0.8447111248970032,0.10508058220148087,1.0010029393699327,829.7872924804688,00-0037740,Garrett Wilson
z_sigma[336],-1.3280632495880127,1.154842495918274,-1.3277968168258667,-2.483452081680298,-0.17301277816295624,1.001001236017515,2052.99609375,00-0037741,Jahan Dotson
z_sigma[337],0.7250763773918152,0.383463054895401,0.7251201868057251,0.340354323387146,1.1102160215377808,1.0010073142304523,545.7178344726562,00-0037742,Treylon Burks
z_sigma[338],0.02083386294543743,0.5566754341125488,0.020597726106643677,-0.5366855263710022,0.5798790454864502,1.0010049808861803,597.2100219726562,00-0037745,Velus Jones
z_sigma[339],0.46067726612091064,2.6683974266052246,0.461429238319397,-2.208178758621216,3.1280741691589355,1.0010010759006651,5668.09814453125,00-0037801,Kavontae Turpin
z_sigma[340],1.0962425470352173,1.0896027088165283,1.0966989994049072,0.005626398604363203,2.186023473739624,1.0010013435782983,1876.232666015625,00-0037816,Romeo Doubs
z_sigma[341],0.09675434976816177,0.07774777710437775,0.09675179421901703,0.018380045890808105,0.17534035444259644,1.001038931306561,182.80795288085938,00-0037828,Danny Gray
z_sigma[342],-0.6666709184646606,1.3209469318389893,-0.6670430898666382,-1.9887653589248657,0.6551440358161926,1.0010014580423467,2731.92578125,00-0037837,Calvin Austin III
z_sigma[343],0.9776520729064941,0.06685670465230942,0.9773926734924316,0.9100496768951416,1.0453581809997559,1.0010826042152474,123.4546890258789,00-0038090,Skyy Moore
z_sigma[344],0.4756469428539276,0.5956019163131714,0.47614848613739014,-0.12089824676513672,1.0720683336257935,1.001002361692683,970.4461669921875,00-0038092,Erik Ezukanma
z_sigma[345],0.38661643862724304,1.2910722494125366,0.386320561170578,-0.9044451117515564,1.678358554840088,1.0010011827412593,2333.698974609375,00-0038104,Tyquan Thornton
z_sigma[346],-0.7189415693283081,0.11576788127422333,-0.718639612197876,-0.8356114029884338,-0.6014717817306519,1.0010478497599034,160.3668212890625,00-0038117,Wan'Dale Robinson
z_sigma[347],0.8483794927597046,1.163423776626587,0.8489432334899902,-0.3158789873123169,2.0140953063964844,1.001002218742437,1152.2298583984375,00-0038124,Christian Watson
z_sigma[348],-0.66216641664505,0.012342967092990875,-0.6612095832824707,-0.6758321523666382,-0.6491307020187378,1.0041549437109898,16.874866485595703,00-0038147,Daylen Baldwin
z_sigma[349],-0.24765585362911224,0.8450585007667542,-0.24792423844337463,-1.0932217836380005,0.5980054140090942,1.001001600551587,1554.8692626953125,00-0038149,Josh Ali
z_sigma[350],0.103485107421875,1.215809941291809,0.10298961400985718,-1.1128880977630615,1.32191801071167,1.0010021667738118,1042.6439208984375,00-0038359,Xavier Smith
z_sigma[351],-0.5187388062477112,0.6573839783668518,-0.5184227228164673,-1.1769790649414062,0.13938339054584503,1.0010022687113969,1044.3765869140625,00-0038393,Dontayvion Wicks
z_sigma[352],-0.15981195867061615,0.5894570350646973,-0.15966729819774628,-0.7502586245536804,0.43064895272254944,1.001002875630221,1116.0416259765625,00-0038465,Malik Heath
z_sigma[353],0.6491962671279907,0.103770911693573,0.6496304273605347,0.5444269776344299,0.7547542452812195,1.0010653263846674,154.4017791748047,00-0038477,Bryce Ford-Wheaton
z_sigma[354],0.21010981500148773,0.08205629140138626,0.21012510359287262,0.12686581909656525,0.29451677203178406,1.0011424162707425,107.68436431884766,00-0038492,Jason Brownlee
z_sigma[355],-0.4817277789115906,0.5546761751174927,-0.4823470711708069,-1.0373715162277222,0.07438602298498154,1.0010040571143977,795.6234130859375,00-0038496,Xavier Gipson
z_sigma[356],0.05117003619670868,0.14257414638996124,0.052464552223682404,-0.0925268828868866,0.19490692019462585,1.001049859516434,142.10177612304688,00-0038507,Grant DuBose
z_sigma[357],-0.6967047452926636,0.05870481953024864,-0.6969261169433594,-0.7565093040466309,-0.637180507183075,1.0010901439371958,121.68205261230469,00-0038519,Nikko Remigio
z_sigma[358],-0.41682055592536926,1.278989553451538,-0.41726189851760864,-1.6966711282730103,0.8625698685646057,1.0010013992985523,2119.94921875,00-0038543,Jaxon Smith-Njigba
z_sigma[359],0.32989203929901123,0.6645516753196716,0.3298838138580322,-0.33503052592277527,0.9948822855949402,1.0010014747898761,1393.8236083984375,00-0038544,Quentin Johnston
z_sigma[360],-0.07394756376743317,1.808347463607788,-0.07437461614608765,-1.8822550773620605,1.7345174551010132,1.0010010868683257,3177.674560546875,00-0038559,Michael Wilson
z_sigma[361],-0.5698824524879456,0.35045796632766724,-0.5686838030815125,-0.9221370220184326,-0.2187066227197647,1.0010095981769251,438.10247802734375,00-0038563,Tre Tucker
z_sigma[362],-0.13585302233695984,0.5469971895217896,-0.1356256604194641,-0.6836170554161072,0.4117382764816284,1.0010020025130377,910.685791015625,00-0038573,Derius Davis
z_sigma[363],-0.23415739834308624,0.24343782663345337,-0.2339877039194107,-0.47815459966659546,0.01018335297703743,1.0010054234769605,477.6757507324219,00-0038576,Charlie Jones
z_sigma[364],-0.7670003771781921,0.5131405591964722,-0.7677921056747437,-1.2807918787002563,-0.2518015503883362,1.0010056565977665,773.8054809570312,00-0038606,Parker Washington
z_sigma[365],0.8888342976570129,0.27768775820732117,0.8887959718704224,0.610125720500946,1.1686140298843384,1.0010129934595862,420.3299560546875,00-0038608,Kayshon Boutte
z_sigma[366],0.98936927318573,0.5319464802742004,0.989753246307373,0.4566499590873718,1.521602749824524,1.001001734339402,1045.595947265625,00-0038612,A.T. Perry
z_sigma[367],-0.5412845611572266,0.1875583678483963,-0.5421099662780762,-0.7318096160888672,-0.3516850769519806,1.0010602790442222,168.94406127929688,00-0038618,Xavier Hutchinson
z_sigma[368],0.14147016406059265,0.3196884095668793,0.14169155061244965,-0.17948570847511292,0.46206018328666687,1.0010062980491679,498.70599365234375,00-0038619,Andrei Iosivas
z_sigma[369],-1.1551486253738403,0.8336203694343567,-1.154775619506836,-1.9906030893325806,-0.3208268880844116,1.0010026114064838,954.9606323242188,00-0038621,Demario Douglas
z_sigma[370],0.1214497983455658,0.1701263040304184,0.12113533169031143,-0.049998827278614044,0.2929425835609436,1.0010282881998935,266.2791748046875,00-0038627,Antoine Green
z_sigma[371],-0.5370333194732666,0.4788303077220917,-0.5362250208854675,-1.0170040130615234,-0.0566306971013546,1.0010052614779357,572.9041137695312,00-0038632,Colton Dowell
z_sigma[372],0.18570515513420105,0.03665076941251755,0.1843726933002472,0.14783374965190887,0.22462575137615204,1.0020140442165224,44.64442443847656,00-0038640,Jalen Brooks
z_sigma[373],0.42524388432502747,0.20682956278324127,0.4247032105922699,0.21783138811588287,0.6330746412277222,1.001008324004646,346.7360534667969,00-0038647,Ronnie Bell
z_sigma[374],1.049851417541504,0.5599396228790283,1.04928457736969,0.4896518886089325,1.6112678050994873,1.001002572312903,769.7671508789062,00-0038667,Elijah Cooks
z_sigma[375],1.363375186920166,0.378723680973053,1.3619434833526611,0.9838826656341553,1.7450026273727417,1.0010127430221756,511.9930725097656,00-0038679,Tyrell Shavers
z_sigma[376],-0.019689589738845825,0.6428735256195068,-0.019038021564483643,-0.6632232069969177,0.6236121654510498,1.0010016880805577,1297.5257568359375,00-0038728,Jared Wayne
z_sigma[377],-0.4784776568412781,0.6515870094299316,-0.47872310876846313,-1.1306546926498413,0.17439188063144684,1.0010021828659252,890.2365112304688,00-0038752,Jake Bobo
z_sigma[378],-0.1479065716266632,0.09876616299152374,-0.14899595081806183,-0.24753180146217346,-0.04654677212238312,1.0011475621080062,150.78802490234375,00-0038821,Rakim Jarrett
z_sigma[379],0.2926980257034302,0.24800625443458557,0.29120299220085144,0.04272475838661194,0.5433316826820374,1.00102919669303,241.35467529296875,00-0038824,Ryan Miller
z_sigma[380],0.4251057505607605,0.20890562236309052,0.4250432848930359,0.21452750265598297,0.6348443031311035,1.0010175739040414,288.4854736328125,00-0038840,Brycen Tremayne
z_sigma[381],-0.09835292398929596,1.0173966884613037,-0.0979318618774414,-1.1163225173950195,0.9190686345100403,1.001001281762312,1963.4407958984375,00-0038891,Shedrick Jackson
z_sigma[382],-0.26153692603111267,1.3437221050262451,-0.2614383101463318,-1.605785608291626,1.0828120708465576,1.0010013554582908,2060.840576171875,00-0038911,Malik Cunningham
z_sigma[383],0.017843002453446388,0.7486624717712402,0.01803886890411377,-0.7318127155303955,0.7671155333518982,1.001002038105785,1027.39599609375,00-0038938,Jalin Hyatt
z_sigma[384],0.4221404194831848,0.1808072030544281,0.4223136305809021,0.24026264250278473,0.6035962700843811,1.0010138111585012,263.1365051269531,00-0038941,Tyler Scott
z_sigma[385],0.49274930357933044,0.12395612895488739,0.49344438314437866,0.3669104278087616,0.6171825528144836,1.0010446035232536,195.77108764648438,00-0038976,Marvin Mims Jr.
z_sigma[386],0.0041360012255609035,0.8796197175979614,0.0021448731422424316,-0.8760632872581482,0.8852649331092834,1.001002852048712,802.8412475585938,00-0038977,Tank Dell
z_sigma[387],-0.07579022645950317,0.542467474937439,-0.07570980489253998,-0.6192574501037598,0.4679628610610962,1.0010031238556776,693.8472290039062,00-0038979,Cedric Tillman
z_sigma[388],0.47591182589530945,0.9422516822814941,0.4751419425010681,-0.4667111337184906,1.4190729856491089,1.0010016827585078,1295.720458984375,00-0038994,Jordan Addison
z_sigma[389],-2.0429704189300537,0.05977436155080795,-2.0433545112609863,-2.1041553020477295,-1.9814915657043457,1.0013097797097108,70.7833023071289,00-0038997,Josh Downs
z_sigma[390],-0.2335653007030487,0.49696433544158936,-0.23378074169158936,-0.7318776845932007,0.26479992270469666,1.0010062624611118,819.0228271484375,00-0039052,Trey Palmer
z_sigma[391],-0.5544724464416504,0.5383885502815247,-0.554225742816925,-1.0940134525299072,-0.015549384988844395,1.001002626003641,950.2750854492188,00-0039062,Jonathan Mingo
z_sigma[392],-0.10712376981973648,0.25801369547843933,-0.10788646340370178,-0.3664766252040863,0.15268312394618988,1.0010174756138162,293.25775146484375,00-0039064,Zay Flowers
z_sigma[393],-0.39483144879341125,0.22771820425987244,-0.39417141675949097,-0.6232215762138367,-0.1663411408662796,1.0010088114237867,354.4532470703125,00-0039067,Rashee Rice
z_sigma[394],0.08313445001840591,0.37751641869544983,0.08385942876338959,-0.29651105403900146,0.4621542990207672,1.0010109095268342,397.5906677246094,00-0039075,Puka Nacua
z_sigma[395],-0.27146878838539124,0.2198585420846939,-0.27184686064720154,-0.4918226897716522,-0.051034826785326004,1.00100461951808,466.376708984375,00-0039146,Jayden Reed
z_sigma[396],-1.0328692197799683,0.3921950161457062,-1.0337979793548584,-1.4254791736602783,-0.6378779411315918,1.0010079367865112,511.7112121582031,00-0039236,Johnny Wilson
z_sigma[397],-0.30805400013923645,1.3543518781661987,-0.3080424666404724,-1.6629762649536133,1.046700119972229,1.0010012707931353,1745.9378662109375,00-0039337,Malik Nabers
z_sigma[398],-0.4937465786933899,0.0878591537475586,-0.4936895966529846,-0.5822067856788635,-0.40509581565856934,1.0010252827552135,182.0555877685547,00-0039342,Xavier Legette
z_sigma[399],-0.38537344336509705,0.09573877602815628,-0.3858792781829834,-0.48190629482269287,-0.28824084997177124,1.0010788886549535,200.10816955566406,00-0039355,Luke McCaffrey
z_sigma[400],0.5564150810241699,1.1672943830490112,0.55696702003479,-0.612881064414978,1.724494218826294,1.0010018555527407,1002.6642456054688,00-0039365,Jacob Cowing
z_sigma[401],-0.46858468651771545,0.16005419194698334,-0.46851402521133423,-0.6303344368934631,-0.30770888924598694,1.0010297221604085,240.71844482421875,00-0039379,Jamari Thrash
z_sigma[402],0.4261746108531952,1.6321446895599365,0.4275588393211365,-1.2078570127487183,2.058704376220703,1.0010015354516995,1982.91650390625,00-0039386,Bub Means
z_sigma[403],-0.5368466973304749,0.34110841155052185,-0.5375775694847107,-0.8787137866020203,-0.19381575286388397,1.0010084324892197,524.5178833007812,00-0039392,Jha'Quan Jackson
z_sigma[404],0.6166701316833496,1.0540518760681152,0.6166373491287231,-0.4378761649131775,1.672067642211914,1.001001813358379,1369.6041259765625,00-0039394,Casey Washington
z_sigma[405],0.3109622597694397,1.1342006921768188,0.3110279440879822,-0.8241933584213257,1.4458351135253906,1.0010015359586002,1284.1365966796875,00-0039410,Ryan Flournoy
z_sigma[406],0.16302910447120667,0.9749525189399719,0.16343197226524353,-0.8123644590377808,1.13802969455719,1.0010013074822006,1723.615234375,00-0039424,Devaughn Vele
z_sigma[407],0.9743720293045044,0.4097190201282501,0.9740092754364014,0.5636106133460999,1.3852564096450806,1.0010057986055898,637.7241821289062,00-0039451,Isaiah Williams
z_sigma[408],0.5059718489646912,0.21212047338485718,0.5051934719085693,0.2928768992424011,0.7191798686981201,1.0010169947092205,276.2881774902344,00-0039491,Jalen Coker
z_sigma[409],0.1958617866039276,0.8346735835075378,0.19461587071418762,-0.6394221782684326,1.0324287414550781,1.0010024309295502,1063.0067138671875,00-0039521,Xavier Weaver
z_sigma[410],-0.23329409956932068,0.7314527630805969,-0.23341701924800873,-0.9655836224555969,0.49921926856040955,1.001002197773936,1298.519775390625,00-0039543,Ramel Keyton
z_sigma[411],-0.4204789102077484,0.23047173023223877,-0.42156922817230225,-0.6523447632789612,-0.18853500485420227,1.0010187083702875,269.92034912109375,00-0039589,Kameron Johnson
z_sigma[412],1.0169076919555664,0.2979257106781006,1.016728401184082,0.7178308367729187,1.3163344860076904,1.0010079493363482,461.75604248046875,00-0039614,Jermaine Jackson
z_sigma[413],1.6084086894989014,0.26534387469291687,1.608668565750122,1.3424524068832397,1.8748199939727783,1.0010051203842334,460.7542724609375,00-0039623,Mason Tipton
z_sigma[414],0.15404768288135529,0.7431662678718567,0.15299832820892334,-0.5893621444702148,0.8987162113189697,1.0010027419118508,1447.8743896484375,00-0039650,Bryce Oliver
z_sigma[415],0.8005602359771729,0.8043023347854614,0.8001770377159119,-0.004268457647413015,1.605670690536499,1.001001843731101,1027.8533935546875,00-0039747,Ainias Smith
z_sigma[416],1.1234287023544312,1.297250509262085,1.123079538345337,-0.1739347279071808,2.420830011367798,1.0010013885432603,1449.513916015625,00-0039751,Jordan Whittington
z_sigma[417],0.46942293643951416,0.04081839323043823,0.46993446350097656,0.4269161522388458,0.5120185613632202,1.001701936580788,47.38444137573242,00-0039792,Devontez Walker
z_sigma[418],-0.7363812923431396,0.4837762415409088,-0.7367843985557556,-1.2208144664764404,-0.2502884566783905,1.0010058105169832,546.0527954101562,00-0039810,Jermaine Burton
z_sigma[419],-1.1708178520202637,0.5570977926254272,-1.1708340644836426,-1.72910475730896,-0.612424373626709,1.0010032863884766,757.5203857421875,00-0039816,Anthony Gould
z_sigma[420],-0.623313307762146,1.4989436864852905,-0.623979926109314,-2.1225943565368652,0.8767291307449341,1.001001442822686,2291.38232421875,00-0039849,Marvin Harrison
z_sigma[421],-0.5323503613471985,0.015179329551756382,-0.5329148769378662,-0.5482816696166992,-0.5159282088279724,1.003412820963297,19.03331184387207,00-0039853,Javon Baker
z_sigma[422],-0.4944939911365509,0.0737982913851738,-0.4939562678337097,-0.5696682929992676,-0.4197915196418762,1.001099738498049,118.9942855834961,00-0039855,Jalen McMillan
z_sigma[423],-0.1334616094827652,0.49349305033683777,-0.13302333652973175,-0.6279599070549011,0.36055463552474976,1.001002863350918,795.170166015625,00-0039868,Troy Franklin
z_sigma[424],0.9953444004058838,0.7813894748687744,0.9962220191955566,0.2117164582014084,1.7777156829833984,1.0010037605760618,807.485595703125,00-0039880,Malik Washington
z_sigma[425],-0.04481666535139084,0.11279280483722687,-0.04534217342734337,-0.15892770886421204,0.07046591490507126,1.0011009580744643,150.46063232421875,00-0039890,Adonai Mitchell
z_sigma[426],-0.7573674917221069,1.0952938795089722,-0.7581936717033386,-1.8537980318069458,0.3413003087043762,1.0010029722492961,1105.238525390625,00-0039893,Brian Thomas
z_sigma[427],-0.9383230209350586,1.1201534271240234,-0.9386754035949707,-2.05971622467041,0.18298031389713287,1.0010018174868645,1139.8785400390625,00-0039894,Xavier Worthy
z_sigma[428],0.24181964993476868,0.66971355676651,0.24186596274375916,-0.4288720190525055,0.9122134447097778,1.0010019535737653,939.3515625,00-0039901,Keon Coleman
z_sigma[429],-0.5205679535865784,0.03402859345078468,-0.518950343132019,-0.5563907623291016,-0.4856489300727844,1.0021382838408686,37.287506103515625,00-0039907,Ja'Lynn Polk
z_sigma[430],-0.5667077898979187,0.008608351461589336,-0.5668041706085205,-0.5759744644165039,-0.557274341583252,1.0038585955565882,17.035585403442383,00-0039915,Ladd McConkey
z_sigma[431],0.7547929883003235,1.4960987567901611,0.7540864944458008,-0.7418875694274902,2.2523789405822754,1.0010014183044498,1612.206298828125,00-0039916,Ricky Pearsall
z_sigma[432],0.1291366070508957,0.43622252345085144,0.12847304344177246,-0.30814316868782043,0.5677686333656311,1.001005712280402,528.005615234375,00-0039919,Rome Odunze
z_sigma[433],0.661443829536438,0.5183563828468323,0.6618310809135437,0.14215953648090363,1.181138038635254,1.0010028573218146,726.145263671875,00-0039920,Malachi Corley
